inspection_id,timestamp,batch_id,line_id,fabric_type,gsm,tensile_strength,defect_count,defect_type,is_defective,scrap_cost_usd
INS-1000,2026-09-01 00:00:00,BATCH-C,Line-2,Denim,166.3,44.86,0,Broken Yarn,1,0.0
INS-1001,2026-09-01 00:15:00,BATCH-D,Line-3,Cotton,175.8,43.9,0,None,0,0.0
INS-1002,2026-09-01 00:30:00,BATCH-A,Line-1,Cotton,193.0,42.03,6,Broken Yarn,1,150.0
INS-1003,2026-09-01 00:45:00,BATCH-C,Line-1,Cotton,191.5,40.17,2,None,0,80.0
INS-1004,2026-09-01 01:00:00,BATCH-C,Line-1,Polyester Blend,191.6,49.06,1,Broken Yarn,1,12.5
INS-1005,2026-09-01 01:15:00,BATCH-D,Line-1,Denim,162.7,51.69,0,None,0,0.0
INS-1006,2026-09-01 01:30:00,BATCH-A,Line-1,Cotton,176.5,52.41,0,None,0,0.0
INS-1007,2026-09-01 01:45:00,BATCH-A,Line-1,Denim,174.1,42.59,3,None,0,120.0
INS-1008,2026-09-01 02:00:00,BATCH-C,Line-1,Polyester Blend,186.4,49.27,0,None,0,0.0
INS-1009,2026-09-01 02:15:00,BATCH-B,Line-2,Cotton,185.0,46.18,2,None,0,25.0
INS-1010,2026-09-01 02:30:00,BATCH-C,Line-3,Linen,182.3,42.15,1,Broken Yarn,1,12.5
INS-1011,2026-09-01 02:45:00,BATCH-C,Line-1,Polyester Blend,217.0,48.67,3,Stain,1,37.5
INS-1012,2026-09-01 03:00:00,BATCH-C,Line-2,Linen,175.6,41.92,2,Stain,1,80.0
INS-1013,2026-09-01 03:15:00,BATCH-C,Line-2,Denim,173.9,43.12,0,Crease,1,0.0
INS-1014,2026-09-01 03:30:00,BATCH-D,Line-3,Denim,162.6,38.12,1,None,0,12.5
INS-1015,2026-09-01 03:45:00,BATCH-A,Line-1,Polyester Blend,156.9,42.68,3,None,0,37.5
INS-1016,2026-09-01 04:00:00,BATCH-D,Line-3,Denim,161.7,46.27,3,None,0,75.0
INS-1017,2026-09-01 04:15:00,BATCH-D,Line-1,Linen,169.2,52.84,2,Broken Yarn,1,50.0
INS-1018,2026-09-01 04:30:00,BATCH-D,Line-2,Cotton,199.7,43.23,1,None,0,12.5
INS-1019,2026-09-01 04:45:00,BATCH-C,Line-2,Cotton,180.6,39.81,1,Stain,1,12.5
INS-1020,2026-09-01 05:00:00,BATCH-B,Line-2,Cotton,182.9,52.49,1,None,0,25.0
INS-1021,2026-09-01 05:15:00,BATCH-A,Line-2,Polyester Blend,178.6,42.48,4,Crease,1,100.0
INS-1022,2026-09-01 05:30:00,BATCH-B,Line-3,Denim,185.5,36.26,0,Crease,1,0.0
INS-1023,2026-09-01 05:45:00,BATCH-D,Line-1,Linen,201.0,45.67,0,None,0,0.0
INS-1024,2026-09-01 06:00:00,BATCH-D,Line-1,Denim,150.1,43.38,2,None,0,80.0
INS-1025,2026-09-01 06:15:00,BATCH-B,Line-3,Denim,198.3,56.5,1,Broken Yarn,1,12.5
INS-1026,2026-09-01 06:30:00,BATCH-B,Line-1,Denim,142.3,47.38,2,None,0,25.0
INS-1027,2026-09-01 06:45:00,BATCH-B,Line-2,Cotton,180.4,44.27,2,None,0,50.0
INS-1028,2026-09-01 07:00:00,BATCH-D,Line-1,Linen,212.9,40.38,1,Broken Yarn,1,25.0
INS-1029,2026-09-01 07:15:00,BATCH-D,Line-2,Linen,190.2,46.65,4,None,0,160.0
INS-1030,2026-09-01 07:30:00,BATCH-A,Line-3,Denim,185.6,52.28,6,Broken Yarn,1,75.0
INS-1031,2026-09-01 07:45:00,BATCH-A,Line-1,Cotton,210.0,46.56,4,Broken Yarn,1,100.0
INS-1032,2026-09-01 08:00:00,BATCH-D,Line-3,Cotton,169.5,40.76,1,None,0,40.0
INS-1033,2026-09-01 08:15:00,BATCH-B,Line-1,Linen,186.5,47.69,2,None,0,80.0
INS-1034,2026-09-01 08:30:00,BATCH-B,Line-2,Cotton,188.7,44.76,2,None,0,80.0
INS-1035,2026-09-01 08:45:00,BATCH-A,Line-3,Cotton,172.2,47.24,0,Broken Yarn,1,0.0
INS-1036,2026-09-01 09:00:00,BATCH-D,Line-1,Cotton,173.5,43.23,0,None,0,0.0
INS-1037,2026-09-01 09:15:00,BATCH-A,Line-2,Polyester Blend,171.8,43.11,0,Hole,1,0.0
INS-1038,2026-09-01 09:30:00,BATCH-A,Line-3,Denim,181.3,42.91,1,None,0,12.5
INS-1039,2026-09-01 09:45:00,BATCH-C,Line-3,Linen,188.2,49.71,0,None,0,0.0
INS-1040,2026-09-01 10:00:00,BATCH-C,Line-1,Linen,181.8,43.16,4,None,0,160.0
INS-1041,2026-09-01 10:15:00,BATCH-C,Line-1,Polyester Blend,190.6,42.7,2,None,0,50.0
INS-1042,2026-09-01 10:30:00,BATCH-B,Line-1,Denim,150.5,40.29,1,None,0,25.0
INS-1043,2026-09-01 10:45:00,BATCH-D,Line-2,Linen,176.7,47.27,2,None,0,25.0
INS-1044,2026-09-01 11:00:00,BATCH-D,Line-1,Cotton,164.6,46.56,0,None,0,0.0
INS-1045,2026-09-01 11:15:00,BATCH-D,Line-3,Linen,184.5,42.76,0,None,0,0.0
INS-1046,2026-09-01 11:30:00,BATCH-D,Line-3,Cotton,184.3,41.45,1,None,0,25.0
INS-1047,2026-09-01 11:45:00,BATCH-C,Line-1,Polyester Blend,178.3,54.38,0,Broken Yarn,1,0.0
INS-1048,2026-09-01 12:00:00,BATCH-B,Line-1,Cotton,187.7,35.6,2,None,0,25.0
INS-1049,2026-09-01 12:15:00,BATCH-B,Line-3,Linen,195.0,47.47,1,None,0,12.5
INS-1050,2026-09-01 12:30:00,BATCH-C,Line-2,Linen,179.1,51.46,2,Stain,1,50.0
INS-1051,2026-09-01 12:45:00,BATCH-B,Line-1,Linen,164.2,28.07,0,None,0,0.0
INS-1052,2026-09-01 13:00:00,BATCH-C,Line-1,Polyester Blend,156.3,48.97,1,Stain,1,40.0
INS-1053,2026-09-01 13:15:00,BATCH-D,Line-3,Polyester Blend,180.5,43.9,0,None,0,0.0
INS-1054,2026-09-01 13:30:00,BATCH-C,Line-1,Denim,183.6,46.28,1,None,0,12.5
INS-1055,2026-09-01 13:45:00,BATCH-D,Line-2,Linen,165.5,43.38,2,Crease,1,25.0
INS-1056,2026-09-01 14:00:00,BATCH-D,Line-3,Cotton,190.9,50.38,0,None,0,0.0
INS-1057,2026-09-01 14:15:00,BATCH-A,Line-1,Polyester Blend,173.1,46.82,0,Stain,1,0.0
INS-1058,2026-09-01 14:30:00,BATCH-C,Line-3,Linen,155.2,45.66,3,None,0,37.5
INS-1059,2026-09-01 14:45:00,BATCH-A,Line-1,Linen,198.8,40.51,2,Broken Yarn,1,80.0
INS-1060,2026-09-01 15:00:00,BATCH-C,Line-1,Polyester Blend,197.2,54.41,2,Hole,1,50.0
INS-1061,2026-09-01 15:15:00,BATCH-C,Line-1,Denim,149.8,45.05,3,None,0,120.0
INS-1062,2026-09-01 15:30:00,BATCH-A,Line-2,Polyester Blend,171.6,56.45,1,Stain,1,12.5
INS-1063,2026-09-01 15:45:00,BATCH-A,Line-2,Polyester Blend,171.0,54.64,1,None,0,40.0
INS-1064,2026-09-01 16:00:00,BATCH-C,Line-3,Cotton,204.6,36.11,2,Broken Yarn,1,25.0
INS-1065,2026-09-01 16:15:00,BATCH-B,Line-1,Cotton,178.5,41.73,3,None,0,37.5
INS-1066,2026-09-01 16:30:00,BATCH-D,Line-1,Denim,157.6,39.82,1,Hole,1,12.5
INS-1067,2026-09-01 16:45:00,BATCH-A,Line-2,Linen,193.2,44.76,1,None,0,12.5
INS-1068,2026-09-01 17:00:00,BATCH-D,Line-1,Polyester Blend,161.5,45.94,2,None,0,80.0
INS-1069,2026-09-01 17:15:00,BATCH-B,Line-2,Denim,176.1,46.15,1,Hole,1,12.5
INS-1070,2026-09-01 17:30:00,BATCH-B,Line-1,Cotton,168.5,50.27,1,Stain,1,12.5
INS-1071,2026-09-01 17:45:00,BATCH-B,Line-3,Polyester Blend,171.6,52.47,1,None,0,40.0
INS-1072,2026-09-01 18:00:00,BATCH-A,Line-1,Linen,194.1,49.84,0,None,0,0.0
INS-1073,2026-09-01 18:15:00,BATCH-B,Line-1,Cotton,202.8,42.2,0,None,0,0.0
INS-1074,2026-09-01 18:30:00,BATCH-A,Line-2,Cotton,160.9,41.09,0,None,0,0.0
INS-1075,2026-09-01 18:45:00,BATCH-B,Line-1,Cotton,189.4,45.01,0,None,0,0.0
INS-1076,2026-09-01 19:00:00,BATCH-D,Line-1,Denim,169.0,47.13,4,Broken Yarn,1,50.0
INS-1077,2026-09-01 19:15:00,BATCH-D,Line-2,Linen,169.5,44.08,1,None,0,12.5
INS-1078,2026-09-01 19:30:00,BATCH-C,Line-3,Polyester Blend,187.4,38.27,1,Stain,1,12.5
INS-1079,2026-09-01 19:45:00,BATCH-D,Line-3,Denim,164.6,48.41,0,Stain,1,0.0
INS-1080,2026-09-01 20:00:00,BATCH-C,Line-2,Denim,187.1,43.04,0,None,0,0.0
INS-1081,2026-09-01 20:15:00,BATCH-D,Line-2,Denim,191.0,42.89,2,None,0,50.0
INS-1082,2026-09-01 20:30:00,BATCH-A,Line-2,Cotton,173.5,44.73,0,None,0,0.0
INS-1083,2026-09-01 20:45:00,BATCH-D,Line-2,Linen,199.9,43.8,1,None,0,40.0
INS-1084,2026-09-01 21:00:00,BATCH-C,Line-2,Denim,160.9,43.17,0,Broken Yarn,1,0.0
INS-1085,2026-09-01 21:15:00,BATCH-C,Line-3,Polyester Blend,200.2,38.6,1,None,0,25.0
INS-1086,2026-09-01 21:30:00,BATCH-B,Line-3,Linen,150.8,44.44,1,Broken Yarn,1,25.0
INS-1087,2026-09-01 21:45:00,BATCH-A,Line-2,Polyester Blend,220.5,48.51,3,None,0,37.5
INS-1088,2026-09-01 22:00:00,BATCH-D,Line-1,Linen,173.9,46.32,2,None,0,80.0
INS-1089,2026-09-01 22:15:00,BATCH-B,Line-2,Polyester Blend,162.6,49.74,1,None,0,12.5
INS-1090,2026-09-01 22:30:00,BATCH-D,Line-1,Cotton,176.5,41.36,0,None,0,0.0
INS-1091,2026-09-01 22:45:00,BATCH-D,Line-2,Denim,164.3,38.61,1,None,0,12.5
INS-1092,2026-09-01 23:00:00,BATCH-B,Line-2,Polyester Blend,185.8,43.77,2,None,0,80.0
INS-1093,2026-09-01 23:15:00,BATCH-B,Line-3,Linen,200.5,41.93,3,Hole,1,75.0
INS-1094,2026-09-01 23:30:00,BATCH-B,Line-1,Denim,165.1,42.45,1,Stain,1,40.0
INS-1095,2026-09-01 23:45:00,BATCH-B,Line-1,Denim,188.7,46.06,0,None,0,0.0
INS-1096,2026-09-02 00:00:00,BATCH-B,Line-3,Linen,157.0,42.48,3,None,0,75.0
INS-1097,2026-09-02 00:15:00,BATCH-D,Line-3,Polyester Blend,195.5,38.75,1,None,0,25.0
INS-1098,2026-09-02 00:30:00,BATCH-B,Line-3,Cotton,186.2,42.21,5,None,0,200.0
INS-1099,2026-09-02 00:45:00,BATCH-A,Line-3,Cotton,196.1,46.7,1,None,0,12.5
INS-1100,2026-09-02 01:00:00,BATCH-C,Line-1,Polyester Blend,178.2,48.36,1,None,0,12.5
INS-1101,2026-09-02 01:15:00,BATCH-B,Line-1,Denim,173.5,48.31,5,None,0,62.5
INS-1102,2026-09-02 01:30:00,BATCH-B,Line-2,Denim,192.2,47.12,0,None,0,0.0
INS-1103,2026-09-02 01:45:00,BATCH-D,Line-2,Denim,160.4,44.16,2,None,0,25.0
INS-1104,2026-09-02 02:00:00,BATCH-B,Line-3,Denim,153.9,47.02,1,None,0,40.0
INS-1105,2026-09-02 02:15:00,BATCH-B,Line-3,Polyester Blend,179.9,44.79,1,Broken Yarn,1,40.0
INS-1106,2026-09-02 02:30:00,BATCH-B,Line-3,Denim,174.2,45.57,0,None,0,0.0
INS-1107,2026-09-02 02:45:00,BATCH-D,Line-2,Linen,188.3,40.3,0,None,0,0.0
INS-1108,2026-09-02 03:00:00,BATCH-B,Line-2,Denim,196.4,45.22,2,None,0,80.0
INS-1109,2026-09-02 03:15:00,BATCH-C,Line-2,Cotton,188.0,46.89,2,Hole,1,80.0
INS-1110,2026-09-02 03:30:00,BATCH-D,Line-2,Denim,195.2,46.71,1,Hole,1,40.0
INS-1111,2026-09-02 03:45:00,BATCH-C,Line-2,Polyester Blend,184.8,38.56,3,Broken Yarn,1,37.5
INS-1112,2026-09-02 04:00:00,BATCH-D,Line-2,Cotton,187.4,45.48,1,None,0,25.0
INS-1113,2026-09-02 04:15:00,BATCH-B,Line-2,Polyester Blend,178.3,37.78,0,None,0,0.0
INS-1114,2026-09-02 04:30:00,BATCH-C,Line-3,Polyester Blend,187.0,45.87,1,Stain,1,25.0
INS-1115,2026-09-02 04:45:00,BATCH-D,Line-3,Cotton,182.5,41.49,1,None,0,40.0
INS-1116,2026-09-02 05:00:00,BATCH-A,Line-3,Polyester Blend,184.9,53.53,2,None,0,80.0
INS-1117,2026-09-02 05:15:00,BATCH-B,Line-3,Polyester Blend,177.5,45.6,3,Hole,1,37.5
INS-1118,2026-09-02 05:30:00,BATCH-D,Line-2,Denim,192.1,49.01,4,None,0,100.0
INS-1119,2026-09-02 05:45:00,BATCH-A,Line-1,Linen,169.3,55.55,2,None,0,25.0
INS-1120,2026-09-02 06:00:00,BATCH-D,Line-2,Polyester Blend,179.7,40.91,0,None,0,0.0
INS-1121,2026-09-02 06:15:00,BATCH-A,Line-1,Polyester Blend,199.7,47.18,1,None,0,25.0
INS-1122,2026-09-02 06:30:00,BATCH-B,Line-3,Polyester Blend,165.8,39.07,2,None,0,25.0
INS-1123,2026-09-02 06:45:00,BATCH-C,Line-2,Denim,147.6,46.72,0,Broken Yarn,1,0.0
INS-1124,2026-09-02 07:00:00,BATCH-A,Line-3,Linen,185.5,53.83,0,Broken Yarn,1,0.0
INS-1125,2026-09-02 07:15:00,BATCH-D,Line-2,Cotton,176.1,41.86,4,None,0,160.0
INS-1126,2026-09-02 07:30:00,BATCH-B,Line-3,Denim,195.2,40.57,2,Hole,1,80.0
INS-1127,2026-09-02 07:45:00,BATCH-A,Line-1,Denim,178.0,44.54,3,None,0,120.0
INS-1128,2026-09-02 08:00:00,BATCH-D,Line-1,Linen,170.9,55.23,2,None,0,25.0
INS-1129,2026-09-02 08:15:00,BATCH-D,Line-1,Linen,178.9,48.86,0,Stain,1,0.0
INS-1130,2026-09-02 08:30:00,BATCH-D,Line-2,Denim,196.4,40.48,1,Stain,1,40.0
INS-1131,2026-09-02 08:45:00,BATCH-A,Line-1,Cotton,188.6,52.28,1,Broken Yarn,1,40.0
INS-1132,2026-09-02 09:00:00,BATCH-A,Line-2,Denim,143.5,36.72,3,Hole,1,37.5
INS-1133,2026-09-02 09:15:00,BATCH-A,Line-1,Linen,182.8,55.68,1,Broken Yarn,1,25.0
INS-1134,2026-09-02 09:30:00,BATCH-C,Line-1,Cotton,183.5,49.28,0,Hole,1,0.0
INS-1135,2026-09-02 09:45:00,BATCH-A,Line-2,Linen,179.7,53.82,1,None,0,12.5
INS-1136,2026-09-02 10:00:00,BATCH-A,Line-2,Cotton,170.8,36.76,0,Broken Yarn,1,0.0
INS-1137,2026-09-02 10:15:00,BATCH-A,Line-1,Polyester Blend,197.9,45.85,1,Crease,1,12.5
INS-1138,2026-09-02 10:30:00,BATCH-C,Line-2,Linen,198.7,44.33,1,Broken Yarn,1,12.5
INS-1139,2026-09-02 10:45:00,BATCH-A,Line-1,Linen,147.0,39.97,2,None,0,50.0
INS-1140,2026-09-02 11:00:00,BATCH-D,Line-2,Denim,168.0,38.52,1,None,0,40.0
INS-1141,2026-09-02 11:15:00,BATCH-A,Line-3,Linen,177.8,47.54,1,None,0,40.0
INS-1142,2026-09-02 11:30:00,BATCH-D,Line-3,Linen,194.2,47.99,1,None,0,25.0
INS-1143,2026-09-02 11:45:00,BATCH-D,Line-3,Polyester Blend,180.5,51.5,1,Crease,1,40.0
INS-1144,2026-09-02 12:00:00,BATCH-D,Line-3,Linen,169.7,42.48,1,None,0,40.0
INS-1145,2026-09-02 12:15:00,BATCH-C,Line-3,Polyester Blend,190.6,44.29,1,None,0,40.0
INS-1146,2026-09-02 12:30:00,BATCH-C,Line-1,Polyester Blend,176.8,38.09,1,Crease,1,25.0
INS-1147,2026-09-02 12:45:00,BATCH-C,Line-3,Polyester Blend,178.2,52.7,0,None,0,0.0
INS-1148,2026-09-02 13:00:00,BATCH-A,Line-3,Polyester Blend,179.6,45.35,1,None,0,40.0
INS-1149,2026-09-02 13:15:00,BATCH-D,Line-3,Cotton,188.6,48.61,0,None,0,0.0
INS-1150,2026-09-02 13:30:00,BATCH-C,Line-3,Denim,175.4,48.79,1,Broken Yarn,1,40.0
INS-1151,2026-09-02 13:45:00,BATCH-C,Line-2,Cotton,190.3,52.3,0,None,0,0.0
INS-1152,2026-09-02 14:00:00,BATCH-A,Line-1,Linen,178.9,40.84,2,Crease,1,25.0
INS-1153,2026-09-02 14:15:00,BATCH-C,Line-3,Cotton,164.0,48.49,1,None,0,12.5
INS-1154,2026-09-02 14:30:00,BATCH-A,Line-3,Cotton,179.4,44.87,1,None,0,25.0
INS-1155,2026-09-02 14:45:00,BATCH-B,Line-3,Linen,164.8,55.53,0,None,0,0.0
INS-1156,2026-09-02 15:00:00,BATCH-C,Line-1,Linen,180.6,40.83,1,Broken Yarn,1,25.0
INS-1157,2026-09-02 15:15:00,BATCH-B,Line-2,Linen,192.4,50.86,3,None,0,75.0
INS-1158,2026-09-02 15:30:00,BATCH-A,Line-1,Cotton,163.9,46.75,1,None,0,25.0
INS-1159,2026-09-02 15:45:00,BATCH-D,Line-2,Cotton,185.5,46.49,0,None,0,0.0
INS-1160,2026-09-02 16:00:00,BATCH-C,Line-3,Linen,167.6,45.27,0,Stain,1,0.0
INS-1161,2026-09-02 16:15:00,BATCH-A,Line-3,Denim,183.0,51.73,2,None,0,80.0
INS-1162,2026-09-02 16:30:00,BATCH-D,Line-1,Denim,192.9,46.32,2,Broken Yarn,1,80.0
INS-1163,2026-09-02 16:45:00,BATCH-D,Line-1,Polyester Blend,148.1,37.38,1,Stain,1,25.0
INS-1164,2026-09-02 17:00:00,BATCH-B,Line-2,Linen,163.3,51.1,4,None,0,100.0
INS-1165,2026-09-02 17:15:00,BATCH-A,Line-2,Polyester Blend,174.5,50.18,1,None,0,25.0
INS-1166,2026-09-02 17:30:00,BATCH-D,Line-1,Denim,184.7,47.94,2,None,0,25.0
INS-1167,2026-09-02 17:45:00,BATCH-C,Line-2,Polyester Blend,177.5,39.36,1,None,0,12.5
INS-1168,2026-09-02 18:00:00,BATCH-C,Line-1,Linen,179.3,40.13,1,None,0,12.5
INS-1169,2026-09-02 18:15:00,BATCH-B,Line-2,Linen,210.6,35.61,5,None,0,200.0
INS-1170,2026-09-02 18:30:00,BATCH-D,Line-1,Linen,161.8,47.3,1,None,0,25.0
INS-1171,2026-09-02 18:45:00,BATCH-A,Line-1,Cotton,197.0,38.25,0,None,0,0.0
INS-1172,2026-09-02 19:00:00,BATCH-C,Line-1,Polyester Blend,174.8,36.41,1,None,0,12.5
INS-1173,2026-09-02 19:15:00,BATCH-D,Line-2,Denim,188.2,51.37,0,None,0,0.0
INS-1174,2026-09-02 19:30:00,BATCH-D,Line-2,Denim,211.9,48.84,0,Stain,1,0.0
INS-1175,2026-09-02 19:45:00,BATCH-B,Line-2,Denim,190.3,43.33,0,Crease,1,0.0
INS-1176,2026-09-02 20:00:00,BATCH-C,Line-1,Cotton,185.6,44.33,1,Hole,1,25.0
INS-1177,2026-09-02 20:15:00,BATCH-C,Line-2,Cotton,204.0,32.96,0,None,0,0.0
INS-1178,2026-09-02 20:30:00,BATCH-A,Line-2,Linen,196.9,49.58,1,None,0,40.0
INS-1179,2026-09-02 20:45:00,BATCH-C,Line-1,Denim,168.0,41.54,1,None,0,12.5
INS-1180,2026-09-02 21:00:00,BATCH-A,Line-3,Cotton,184.4,46.65,3,None,0,120.0
INS-1181,2026-09-02 21:15:00,BATCH-C,Line-1,Linen,154.2,32.56,1,None,0,40.0
INS-1182,2026-09-02 21:30:00,BATCH-B,Line-2,Denim,171.9,49.89,1,Broken Yarn,1,40.0
INS-1183,2026-09-02 21:45:00,BATCH-C,Line-1,Polyester Blend,184.7,41.24,1,None,0,25.0
INS-1184,2026-09-02 22:00:00,BATCH-A,Line-3,Linen,171.0,38.12,0,None,0,0.0
INS-1185,2026-09-02 22:15:00,BATCH-A,Line-1,Cotton,184.1,43.3,1,Crease,1,12.5
INS-1186,2026-09-02 22:30:00,BATCH-B,Line-2,Cotton,179.8,42.02,0,None,0,0.0
INS-1187,2026-09-02 22:45:00,BATCH-C,Line-3,Linen,188.0,50.37,3,None,0,75.0
INS-1188,2026-09-02 23:00:00,BATCH-C,Line-2,Linen,173.6,42.9,1,None,0,40.0
INS-1189,2026-09-02 23:15:00,BATCH-B,Line-3,Cotton,165.9,51.81,0,None,0,0.0
INS-1190,2026-09-02 23:30:00,BATCH-C,Line-3,Polyester Blend,202.2,46.65,1,Broken Yarn,1,12.5
INS-1191,2026-09-02 23:45:00,BATCH-C,Line-1,Denim,172.6,49.47,1,None,0,12.5
INS-1192,2026-09-03 00:00:00,BATCH-A,Line-1,Polyester Blend,189.9,44.99,5,None,0,125.0
INS-1193,2026-09-03 00:15:00,BATCH-C,Line-2,Linen,201.5,51.36,1,Stain,1,40.0
INS-1194,2026-09-03 00:30:00,BATCH-C,Line-1,Polyester Blend,182.4,39.23,2,Stain,1,80.0
INS-1195,2026-09-03 00:45:00,BATCH-B,Line-1,Cotton,167.2,45.57,2,Crease,1,50.0
INS-1196,2026-09-03 01:00:00,BATCH-B,Line-3,Linen,177.3,43.02,1,Stain,1,12.5
INS-1197,2026-09-03 01:15:00,BATCH-D,Line-1,Denim,195.3,51.98,2,None,0,50.0
INS-1198,2026-09-03 01:30:00,BATCH-A,Line-3,Cotton,183.1,52.5,3,None,0,120.0
INS-1199,2026-09-03 01:45:00,BATCH-C,Line-3,Cotton,161.9,45.0,1,None,0,40.0
INS-1200,2026-09-03 02:00:00,BATCH-C,Line-3,Denim,188.9,38.54,2,None,0,50.0
INS-1201,2026-09-03 02:15:00,BATCH-D,Line-2,Denim,191.5,47.14,1,Broken Yarn,1,12.5
INS-1202,2026-09-03 02:30:00,BATCH-C,Line-2,Polyester Blend,174.7,36.68,1,Stain,1,25.0
INS-1203,2026-09-03 02:45:00,BATCH-A,Line-2,Linen,189.2,53.13,0,None,0,0.0
INS-1204,2026-09-03 03:00:00,BATCH-D,Line-3,Denim,183.7,42.63,0,None,0,0.0
INS-1205,2026-09-03 03:15:00,BATCH-A,Line-2,Denim,177.0,44.85,0,None,0,0.0
INS-1206,2026-09-03 03:30:00,BATCH-D,Line-2,Linen,160.6,41.6,1,Crease,1,25.0
INS-1207,2026-09-03 03:45:00,BATCH-D,Line-1,Denim,196.2,40.49,1,None,0,12.5
INS-1208,2026-09-03 04:00:00,BATCH-B,Line-2,Denim,191.4,48.69,3,Stain,1,37.5
INS-1209,2026-09-03 04:15:00,BATCH-A,Line-2,Polyester Blend,188.8,44.21,3,Stain,1,37.5
INS-1210,2026-09-03 04:30:00,BATCH-C,Line-3,Cotton,203.2,45.21,3,Crease,1,37.5
INS-1211,2026-09-03 04:45:00,BATCH-C,Line-3,Cotton,194.2,39.98,2,Stain,1,80.0
INS-1212,2026-09-03 05:00:00,BATCH-A,Line-3,Cotton,190.3,49.28,0,Broken Yarn,1,0.0
INS-1213,2026-09-03 05:15:00,BATCH-C,Line-3,Cotton,146.8,49.79,0,None,0,0.0
INS-1214,2026-09-03 05:30:00,BATCH-C,Line-3,Denim,198.0,43.96,3,None,0,75.0
INS-1215,2026-09-03 05:45:00,BATCH-A,Line-3,Linen,181.2,51.34,1,None,0,12.5
INS-1216,2026-09-03 06:00:00,BATCH-D,Line-2,Linen,184.7,44.48,5,None,0,125.0
INS-1217,2026-09-03 06:15:00,BATCH-A,Line-3,Polyester Blend,184.8,48.9,3,Crease,1,75.0
INS-1218,2026-09-03 06:30:00,BATCH-D,Line-3,Polyester Blend,191.6,36.89,1,None,0,12.5
INS-1219,2026-09-03 06:45:00,BATCH-C,Line-1,Denim,196.8,46.77,1,Hole,1,12.5
INS-1220,2026-09-03 07:00:00,BATCH-C,Line-2,Linen,189.5,43.64,1,None,0,25.0
INS-1221,2026-09-03 07:15:00,BATCH-C,Line-2,Linen,187.1,45.78,2,None,0,50.0
INS-1222,2026-09-03 07:30:00,BATCH-B,Line-2,Cotton,183.5,45.55,3,Crease,1,75.0
INS-1223,2026-09-03 07:45:00,BATCH-D,Line-3,Denim,129.7,45.63,4,None,0,160.0
INS-1224,2026-09-03 08:00:00,BATCH-B,Line-3,Denim,175.7,48.08,0,None,0,0.0
INS-1225,2026-09-03 08:15:00,BATCH-B,Line-3,Cotton,165.9,42.17,1,None,0,40.0
INS-1226,2026-09-03 08:30:00,BATCH-A,Line-1,Denim,198.2,47.85,0,Broken Yarn,1,0.0
INS-1227,2026-09-03 08:45:00,BATCH-B,Line-3,Denim,189.3,51.16,0,None,0,0.0
INS-1228,2026-09-03 09:00:00,BATCH-A,Line-1,Polyester Blend,173.1,37.95,1,None,0,12.5
INS-1229,2026-09-03 09:15:00,BATCH-A,Line-2,Linen,174.6,41.1,0,None,0,0.0
INS-1230,2026-09-03 09:30:00,BATCH-B,Line-3,Denim,174.1,41.31,1,Broken Yarn,1,12.5
INS-1231,2026-09-03 09:45:00,BATCH-D,Line-1,Polyester Blend,173.8,39.54,1,Broken Yarn,1,25.0
INS-1232,2026-09-03 10:00:00,BATCH-D,Line-1,Linen,158.3,42.63,2,None,0,50.0
INS-1233,2026-09-03 10:15:00,BATCH-D,Line-3,Cotton,155.1,50.17,1,None,0,40.0
INS-1234,2026-09-03 10:30:00,BATCH-D,Line-2,Polyester Blend,180.4,52.24,4,Stain,1,160.0
INS-1235,2026-09-03 10:45:00,BATCH-D,Line-2,Polyester Blend,196.1,45.53,1,None,0,12.5
INS-1236,2026-09-03 11:00:00,BATCH-B,Line-2,Linen,171.9,43.38,3,None,0,37.5
INS-1237,2026-09-03 11:15:00,BATCH-B,Line-1,Cotton,184.6,49.01,1,None,0,40.0
INS-1238,2026-09-03 11:30:00,BATCH-C,Line-1,Polyester Blend,191.0,33.18,0,Hole,1,0.0
INS-1239,2026-09-03 11:45:00,BATCH-D,Line-1,Denim,165.1,39.72,1,None,0,25.0
INS-1240,2026-09-03 12:00:00,BATCH-B,Line-1,Denim,179.7,33.39,2,None,0,50.0
INS-1241,2026-09-03 12:15:00,BATCH-C,Line-2,Denim,170.0,39.67,2,Broken Yarn,1,25.0
INS-1242,2026-09-03 12:30:00,BATCH-D,Line-3,Cotton,204.1,41.16,5,Broken Yarn,1,125.0
INS-1243,2026-09-03 12:45:00,BATCH-A,Line-1,Polyester Blend,203.4,52.39,1,None,0,12.5
INS-1244,2026-09-03 13:00:00,BATCH-C,Line-1,Denim,165.1,31.19,1,None,0,12.5
INS-1245,2026-09-03 13:15:00,BATCH-B,Line-2,Cotton,185.8,42.92,2,Broken Yarn,1,25.0
INS-1246,2026-09-03 13:30:00,BATCH-A,Line-3,Denim,196.0,48.1,2,Crease,1,50.0
INS-1247,2026-09-03 13:45:00,BATCH-A,Line-3,Linen,192.7,47.05,1,Broken Yarn,1,40.0
INS-1248,2026-09-03 14:00:00,BATCH-A,Line-2,Polyester Blend,181.2,52.31,1,None,0,40.0
INS-1249,2026-09-03 14:15:00,BATCH-C,Line-2,Polyester Blend,199.6,45.81,0,None,0,0.0
INS-1250,2026-09-03 14:30:00,BATCH-B,Line-3,Cotton,166.4,46.87,3,Hole,1,120.0
INS-1251,2026-09-03 14:45:00,BATCH-A,Line-1,Cotton,175.5,35.81,3,Stain,1,37.5
INS-1252,2026-09-03 15:00:00,BATCH-D,Line-3,Polyester Blend,166.8,40.06,1,None,0,40.0
INS-1253,2026-09-03 15:15:00,BATCH-A,Line-2,Denim,191.7,36.09,2,None,0,50.0
INS-1254,2026-09-03 15:30:00,BATCH-A,Line-1,Denim,171.3,47.86,1,Broken Yarn,1,40.0
INS-1255,2026-09-03 15:45:00,BATCH-C,Line-1,Linen,177.4,46.74,3,None,0,37.5
INS-1256,2026-09-03 16:00:00,BATCH-C,Line-2,Denim,189.3,46.57,2,None,0,25.0
INS-1257,2026-09-03 16:15:00,BATCH-B,Line-2,Cotton,190.5,40.59,1,None,0,25.0
INS-1258,2026-09-03 16:30:00,BATCH-D,Line-2,Cotton,166.4,40.14,0,None,0,0.0
INS-1259,2026-09-03 16:45:00,BATCH-C,Line-3,Denim,195.8,46.05,1,None,0,25.0
INS-1260,2026-09-03 17:00:00,BATCH-A,Line-3,Cotton,186.8,41.65,2,Broken Yarn,1,25.0
INS-1261,2026-09-03 17:15:00,BATCH-B,Line-1,Polyester Blend,163.8,39.9,1,None,0,40.0
INS-1262,2026-09-03 17:30:00,BATCH-A,Line-2,Polyester Blend,160.1,42.46,1,None,0,40.0
INS-1263,2026-09-03 17:45:00,BATCH-A,Line-1,Denim,179.8,41.7,1,None,0,25.0
INS-1264,2026-09-03 18:00:00,BATCH-C,Line-1,Polyester Blend,192.8,40.67,4,None,0,160.0
INS-1265,2026-09-03 18:15:00,BATCH-B,Line-1,Polyester Blend,193.1,38.87,2,None,0,80.0
INS-1266,2026-09-03 18:30:00,BATCH-D,Line-1,Linen,185.3,47.24,2,None,0,50.0
INS-1267,2026-09-03 18:45:00,BATCH-D,Line-2,Linen,180.7,52.78,3,Broken Yarn,1,75.0
INS-1268,2026-09-03 19:00:00,BATCH-C,Line-1,Polyester Blend,187.7,44.8,1,None,0,12.5
INS-1269,2026-09-03 19:15:00,BATCH-C,Line-2,Denim,167.2,46.11,1,None,0,12.5
INS-1270,2026-09-03 19:30:00,BATCH-B,Line-2,Linen,205.3,47.68,1,None,0,12.5
INS-1271,2026-09-03 19:45:00,BATCH-D,Line-3,Cotton,205.1,46.83,0,None,0,0.0
INS-1272,2026-09-03 20:00:00,BATCH-D,Line-2,Cotton,186.4,40.77,2,Hole,1,80.0
INS-1273,2026-09-03 20:15:00,BATCH-D,Line-3,Cotton,183.0,53.6,1,None,0,40.0
INS-1274,2026-09-03 20:30:00,BATCH-A,Line-2,Denim,173.8,41.21,0,Crease,1,0.0
INS-1275,2026-09-03 20:45:00,BATCH-D,Line-2,Polyester Blend,187.9,48.24,0,None,0,0.0
INS-1276,2026-09-03 21:00:00,BATCH-A,Line-2,Cotton,169.6,47.65,2,Stain,1,50.0
INS-1277,2026-09-03 21:15:00,BATCH-B,Line-3,Denim,146.6,35.21,4,None,0,160.0
INS-1278,2026-09-03 21:30:00,BATCH-A,Line-3,Linen,139.3,43.21,3,Broken Yarn,1,120.0
INS-1279,2026-09-03 21:45:00,BATCH-B,Line-1,Polyester Blend,168.0,45.28,1,None,0,12.5
INS-1280,2026-09-03 22:00:00,BATCH-D,Line-3,Linen,182.3,45.67,3,None,0,120.0
INS-1281,2026-09-03 22:15:00,BATCH-D,Line-3,Denim,185.0,46.51,1,Stain,1,25.0
INS-1282,2026-09-03 22:30:00,BATCH-B,Line-3,Cotton,172.7,48.79,2,Stain,1,50.0
INS-1283,2026-09-03 22:45:00,BATCH-C,Line-3,Cotton,182.1,44.96,0,None,0,0.0
INS-1284,2026-09-03 23:00:00,BATCH-B,Line-1,Denim,175.9,46.77,1,None,0,12.5
INS-1285,2026-09-03 23:15:00,BATCH-C,Line-3,Cotton,165.0,44.78,2,None,0,80.0
INS-1286,2026-09-03 23:30:00,BATCH-A,Line-2,Polyester Blend,179.2,39.91,2,Stain,1,50.0
INS-1287,2026-09-03 23:45:00,BATCH-A,Line-2,Denim,192.2,45.16,3,None,0,37.5
INS-1288,2026-09-04 00:00:00,BATCH-A,Line-3,Linen,165.7,48.75,2,None,0,80.0
INS-1289,2026-09-04 00:15:00,BATCH-D,Line-3,Denim,165.7,50.54,3,Broken Yarn,1,37.5
INS-1290,2026-09-04 00:30:00,BATCH-A,Line-2,Polyester Blend,164.0,47.69,4,Hole,1,50.0
INS-1291,2026-09-04 00:45:00,BATCH-C,Line-2,Polyester Blend,151.0,51.67,4,Broken Yarn,1,100.0
INS-1292,2026-09-04 01:00:00,BATCH-A,Line-1,Denim,172.8,47.09,3,Stain,1,37.5
INS-1293,2026-09-04 01:15:00,BATCH-B,Line-2,Denim,190.7,49.32,3,Stain,1,120.0
INS-1294,2026-09-04 01:30:00,BATCH-B,Line-2,Cotton,182.6,49.69,3,None,0,37.5
INS-1295,2026-09-04 01:45:00,BATCH-D,Line-3,Polyester Blend,177.5,43.88,1,None,0,12.5
INS-1296,2026-09-04 02:00:00,BATCH-B,Line-2,Denim,181.9,48.63,1,Stain,1,40.0
INS-1297,2026-09-04 02:15:00,BATCH-C,Line-1,Denim,172.7,40.3,1,None,0,25.0
INS-1298,2026-09-04 02:30:00,BATCH-A,Line-2,Polyester Blend,150.8,46.75,1,Crease,1,25.0
INS-1299,2026-09-04 02:45:00,BATCH-D,Line-3,Denim,191.8,47.89,1,None,0,40.0
INS-1300,2026-09-04 03:00:00,BATCH-A,Line-3,Cotton,196.1,50.26,3,None,0,120.0
INS-1301,2026-09-04 03:15:00,BATCH-A,Line-2,Polyester Blend,169.1,49.1,0,Crease,1,0.0
INS-1302,2026-09-04 03:30:00,BATCH-C,Line-3,Cotton,177.7,50.32,0,Broken Yarn,1,0.0
INS-1303,2026-09-04 03:45:00,BATCH-B,Line-1,Cotton,176.4,44.5,1,None,0,40.0
INS-1304,2026-09-04 04:00:00,BATCH-B,Line-1,Cotton,185.3,43.27,1,Stain,1,12.5
INS-1305,2026-09-04 04:15:00,BATCH-A,Line-2,Cotton,205.3,43.63,2,Broken Yarn,1,80.0
INS-1306,2026-09-04 04:30:00,BATCH-D,Line-2,Polyester Blend,197.4,46.33,2,None,0,50.0
INS-1307,2026-09-04 04:45:00,BATCH-B,Line-2,Cotton,174.3,35.96,3,None,0,37.5
INS-1308,2026-09-04 05:00:00,BATCH-D,Line-3,Cotton,188.1,51.66,1,Stain,1,12.5
INS-1309,2026-09-04 05:15:00,BATCH-B,Line-1,Denim,198.8,45.22,0,Hole,1,0.0
INS-1310,2026-09-04 05:30:00,BATCH-D,Line-1,Polyester Blend,186.1,42.92,2,None,0,25.0
INS-1311,2026-09-04 05:45:00,BATCH-C,Line-3,Polyester Blend,179.9,32.35,1,Hole,1,40.0
INS-1312,2026-09-04 06:00:00,BATCH-D,Line-1,Linen,186.7,44.82,1,Hole,1,25.0
INS-1313,2026-09-04 06:15:00,BATCH-C,Line-2,Polyester Blend,169.5,44.01,0,None,0,0.0
INS-1314,2026-09-04 06:30:00,BATCH-C,Line-2,Polyester Blend,171.6,40.51,2,Broken Yarn,1,80.0
INS-1315,2026-09-04 06:45:00,BATCH-D,Line-2,Linen,164.0,41.63,0,None,0,0.0
INS-1316,2026-09-04 07:00:00,BATCH-C,Line-1,Polyester Blend,184.6,44.87,1,None,0,40.0
INS-1317,2026-09-04 07:15:00,BATCH-A,Line-2,Polyester Blend,178.0,42.06,0,Broken Yarn,1,0.0
INS-1318,2026-09-04 07:30:00,BATCH-C,Line-3,Polyester Blend,167.7,47.86,1,Hole,1,40.0
INS-1319,2026-09-04 07:45:00,BATCH-B,Line-3,Polyester Blend,177.5,41.26,2,Broken Yarn,1,50.0
INS-1320,2026-09-04 08:00:00,BATCH-D,Line-1,Linen,187.0,45.77,2,None,0,25.0
INS-1321,2026-09-04 08:15:00,BATCH-A,Line-3,Polyester Blend,208.7,50.9,2,None,0,50.0
INS-1322,2026-09-04 08:30:00,BATCH-D,Line-3,Polyester Blend,195.2,44.82,1,None,0,40.0
INS-1323,2026-09-04 08:45:00,BATCH-B,Line-1,Linen,145.7,46.78,6,None,0,240.0
INS-1324,2026-09-04 09:00:00,BATCH-B,Line-2,Denim,183.6,46.46,1,None,0,25.0
INS-1325,2026-09-04 09:15:00,BATCH-B,Line-2,Cotton,201.4,45.04,2,None,0,50.0
INS-1326,2026-09-04 09:30:00,BATCH-C,Line-2,Denim,159.9,44.66,0,None,0,0.0
INS-1327,2026-09-04 09:45:00,BATCH-C,Line-1,Linen,188.3,42.14,2,Stain,1,80.0
INS-1328,2026-09-04 10:00:00,BATCH-D,Line-3,Cotton,176.5,45.76,2,None,0,50.0
INS-1329,2026-09-04 10:15:00,BATCH-D,Line-2,Linen,197.3,43.58,0,None,0,0.0
INS-1330,2026-09-04 10:30:00,BATCH-A,Line-2,Linen,186.1,52.73,0,None,0,0.0
INS-1331,2026-09-04 10:45:00,BATCH-A,Line-1,Polyester Blend,166.7,49.06,2,None,0,25.0
INS-1332,2026-09-04 11:00:00,BATCH-D,Line-2,Cotton,177.0,37.74,1,None,0,12.5
INS-1333,2026-09-04 11:15:00,BATCH-C,Line-1,Polyester Blend,177.9,38.01,1,None,0,12.5
INS-1334,2026-09-04 11:30:00,BATCH-B,Line-3,Cotton,178.2,44.35,2,Hole,1,50.0
INS-1335,2026-09-04 11:45:00,BATCH-D,Line-1,Linen,196.8,43.02,3,None,0,120.0
INS-1336,2026-09-04 12:00:00,BATCH-A,Line-1,Linen,167.4,44.08,2,Broken Yarn,1,50.0
INS-1337,2026-09-04 12:15:00,BATCH-C,Line-1,Denim,195.0,48.26,0,Crease,1,0.0
INS-1338,2026-09-04 12:30:00,BATCH-D,Line-1,Cotton,175.5,46.58,0,Stain,1,0.0
INS-1339,2026-09-04 12:45:00,BATCH-D,Line-3,Polyester Blend,183.4,46.53,1,None,0,40.0
INS-1340,2026-09-04 13:00:00,BATCH-C,Line-3,Denim,181.1,52.23,1,Crease,1,40.0
INS-1341,2026-09-04 13:15:00,BATCH-D,Line-2,Denim,179.7,38.06,4,None,0,50.0
INS-1342,2026-09-04 13:30:00,BATCH-C,Line-3,Denim,179.8,45.52,2,None,0,80.0
INS-1343,2026-09-04 13:45:00,BATCH-B,Line-3,Polyester Blend,201.9,42.1,3,Hole,1,37.5
INS-1344,2026-09-04 14:00:00,BATCH-C,Line-2,Denim,192.6,52.18,0,Broken Yarn,1,0.0
INS-1345,2026-09-04 14:15:00,BATCH-C,Line-3,Polyester Blend,174.6,33.95,2,None,0,50.0
INS-1346,2026-09-04 14:30:00,BATCH-C,Line-1,Denim,203.7,34.17,0,None,0,0.0
INS-1347,2026-09-04 14:45:00,BATCH-D,Line-1,Polyester Blend,184.1,46.52,2,None,0,50.0
INS-1348,2026-09-04 15:00:00,BATCH-D,Line-2,Linen,185.4,50.63,1,None,0,25.0
INS-1349,2026-09-04 15:15:00,BATCH-C,Line-2,Linen,167.4,48.87,2,None,0,25.0
INS-1350,2026-09-04 15:30:00,BATCH-D,Line-2,Linen,172.5,41.0,3,Crease,1,75.0
INS-1351,2026-09-04 15:45:00,BATCH-A,Line-1,Linen,169.7,52.53,0,Crease,1,0.0
INS-1352,2026-09-04 16:00:00,BATCH-A,Line-3,Linen,181.3,38.84,1,Hole,1,25.0
INS-1353,2026-09-04 16:15:00,BATCH-D,Line-1,Denim,189.6,51.54,5,None,0,62.5
INS-1354,2026-09-04 16:30:00,BATCH-D,Line-2,Denim,185.5,39.5,1,Broken Yarn,1,40.0
INS-1355,2026-09-04 16:45:00,BATCH-C,Line-3,Denim,203.8,43.24,0,Crease,1,0.0
INS-1356,2026-09-04 17:00:00,BATCH-B,Line-3,Polyester Blend,166.7,48.2,0,Hole,1,0.0
INS-1357,2026-09-04 17:15:00,BATCH-D,Line-1,Polyester Blend,181.7,37.67,2,None,0,80.0
INS-1358,2026-09-04 17:30:00,BATCH-A,Line-2,Polyester Blend,160.8,52.35,3,None,0,37.5
INS-1359,2026-09-04 17:45:00,BATCH-C,Line-1,Polyester Blend,166.2,43.21,0,None,0,0.0
INS-1360,2026-09-04 18:00:00,BATCH-D,Line-3,Linen,199.0,45.69,4,None,0,100.0
INS-1361,2026-09-04 18:15:00,BATCH-A,Line-1,Linen,173.1,50.81,0,Broken Yarn,1,0.0
INS-1362,2026-09-04 18:30:00,BATCH-A,Line-1,Linen,167.9,41.03,1,Stain,1,40.0
INS-1363,2026-09-04 18:45:00,BATCH-B,Line-2,Cotton,148.1,50.3,1,None,0,12.5
INS-1364,2026-09-04 19:00:00,BATCH-C,Line-2,Denim,167.8,53.2,0,None,0,0.0
INS-1365,2026-09-04 19:15:00,BATCH-C,Line-3,Polyester Blend,176.9,41.72,1,None,0,25.0
INS-1366,2026-09-04 19:30:00,BATCH-B,Line-1,Polyester Blend,159.6,51.85,1,None,0,25.0
INS-1367,2026-09-04 19:45:00,BATCH-B,Line-1,Linen,176.1,36.2,2,None,0,25.0
INS-1368,2026-09-04 20:00:00,BATCH-C,Line-1,Polyester Blend,199.1,46.95,2,Broken Yarn,1,80.0
INS-1369,2026-09-04 20:15:00,BATCH-C,Line-3,Polyester Blend,169.4,38.86,3,None,0,120.0
INS-1370,2026-09-04 20:30:00,BATCH-D,Line-3,Denim,165.8,49.71,0,Broken Yarn,1,0.0
INS-1371,2026-09-04 20:45:00,BATCH-D,Line-2,Linen,163.1,49.3,2,None,0,80.0
INS-1372,2026-09-04 21:00:00,BATCH-B,Line-2,Denim,162.9,55.39,3,None,0,37.5
INS-1373,2026-09-04 21:15:00,BATCH-D,Line-2,Cotton,188.0,52.11,1,None,0,25.0
INS-1374,2026-09-04 21:30:00,BATCH-A,Line-1,Cotton,180.7,44.17,0,Hole,1,0.0
INS-1375,2026-09-04 21:45:00,BATCH-D,Line-1,Cotton,194.4,39.59,1,None,0,40.0
INS-1376,2026-09-04 22:00:00,BATCH-D,Line-2,Linen,210.3,47.83,1,Stain,1,12.5
INS-1377,2026-09-04 22:15:00,BATCH-A,Line-1,Polyester Blend,152.5,44.7,1,None,0,12.5
INS-1378,2026-09-04 22:30:00,BATCH-B,Line-2,Linen,185.7,52.76,1,Hole,1,40.0
INS-1379,2026-09-04 22:45:00,BATCH-A,Line-3,Linen,163.2,34.17,3,Stain,1,120.0
INS-1380,2026-09-04 23:00:00,BATCH-D,Line-2,Polyester Blend,191.8,55.94,1,None,0,40.0
INS-1381,2026-09-04 23:15:00,BATCH-B,Line-3,Denim,175.9,47.66,1,Broken Yarn,1,25.0
INS-1382,2026-09-04 23:30:00,BATCH-D,Line-1,Cotton,180.4,40.93,2,None,0,80.0
INS-1383,2026-09-04 23:45:00,BATCH-A,Line-2,Denim,160.8,48.67,2,Hole,1,50.0
INS-1384,2026-09-05 00:00:00,BATCH-A,Line-1,Cotton,173.6,51.49,2,None,0,25.0
INS-1385,2026-09-05 00:15:00,BATCH-D,Line-3,Linen,181.3,45.57,2,None,0,25.0
INS-1386,2026-09-05 00:30:00,BATCH-C,Line-3,Cotton,200.3,36.18,2,Broken Yarn,1,50.0
INS-1387,2026-09-05 00:45:00,BATCH-C,Line-3,Linen,168.1,43.53,2,Stain,1,50.0
INS-1388,2026-09-05 01:00:00,BATCH-A,Line-1,Denim,171.7,50.2,2,None,0,50.0
INS-1389,2026-09-05 01:15:00,BATCH-A,Line-1,Linen,194.2,47.48,3,Broken Yarn,1,75.0
INS-1390,2026-09-05 01:30:00,BATCH-C,Line-1,Denim,167.1,44.22,1,None,0,40.0
INS-1391,2026-09-05 01:45:00,BATCH-C,Line-1,Polyester Blend,197.1,51.54,3,None,0,37.5
INS-1392,2026-09-05 02:00:00,BATCH-D,Line-3,Polyester Blend,179.9,48.7,0,Broken Yarn,1,0.0
INS-1393,2026-09-05 02:15:00,BATCH-D,Line-3,Polyester Blend,184.5,49.08,1,None,0,25.0
INS-1394,2026-09-05 02:30:00,BATCH-C,Line-2,Linen,185.5,42.95,0,None,0,0.0
INS-1395,2026-09-05 02:45:00,BATCH-D,Line-2,Polyester Blend,170.8,42.46,1,Stain,1,40.0
INS-1396,2026-09-05 03:00:00,BATCH-D,Line-1,Cotton,185.8,36.5,0,None,0,0.0
INS-1397,2026-09-05 03:15:00,BATCH-B,Line-3,Denim,168.4,43.7,1,Broken Yarn,1,40.0
INS-1398,2026-09-05 03:30:00,BATCH-D,Line-3,Denim,172.5,49.68,0,None,0,0.0
INS-1399,2026-09-05 03:45:00,BATCH-A,Line-3,Cotton,188.4,43.98,1,None,0,25.0
INS-1400,2026-09-05 04:00:00,BATCH-D,Line-2,Linen,184.4,47.23,1,None,0,40.0
INS-1401,2026-09-05 04:15:00,BATCH-D,Line-2,Linen,178.9,50.56,5,Broken Yarn,1,125.0
INS-1402,2026-09-05 04:30:00,BATCH-C,Line-3,Denim,161.1,46.86,0,Broken Yarn,1,0.0
INS-1403,2026-09-05 04:45:00,BATCH-A,Line-3,Polyester Blend,164.9,47.35,2,None,0,50.0
INS-1404,2026-09-05 05:00:00,BATCH-D,Line-3,Linen,184.2,38.21,0,None,0,0.0
INS-1405,2026-09-05 05:15:00,BATCH-D,Line-2,Linen,191.0,43.39,2,Crease,1,25.0
INS-1406,2026-09-05 05:30:00,BATCH-B,Line-3,Cotton,163.4,53.63,1,None,0,25.0
INS-1407,2026-09-05 05:45:00,BATCH-D,Line-3,Cotton,167.4,45.52,1,Hole,1,25.0
INS-1408,2026-09-05 06:00:00,BATCH-D,Line-1,Polyester Blend,182.0,54.48,2,None,0,50.0
INS-1409,2026-09-05 06:15:00,BATCH-B,Line-1,Linen,181.7,41.38,2,Broken Yarn,1,80.0
INS-1410,2026-09-05 06:30:00,BATCH-C,Line-2,Linen,155.6,46.17,1,None,0,25.0
INS-1411,2026-09-05 06:45:00,BATCH-D,Line-3,Cotton,182.4,43.09,1,Hole,1,12.5
INS-1412,2026-09-05 07:00:00,BATCH-B,Line-3,Linen,171.0,47.96,4,Broken Yarn,1,160.0
INS-1413,2026-09-05 07:15:00,BATCH-A,Line-1,Denim,204.6,49.48,2,None,0,80.0
INS-1414,2026-09-05 07:30:00,BATCH-C,Line-2,Cotton,183.7,48.01,4,None,0,50.0
INS-1415,2026-09-05 07:45:00,BATCH-A,Line-1,Polyester Blend,186.3,50.21,1,Broken Yarn,1,25.0
INS-1416,2026-09-05 08:00:00,BATCH-A,Line-1,Cotton,186.7,44.93,1,Broken Yarn,1,40.0
INS-1417,2026-09-05 08:15:00,BATCH-B,Line-1,Linen,161.8,44.05,0,None,0,0.0
INS-1418,2026-09-05 08:30:00,BATCH-D,Line-1,Polyester Blend,209.2,36.21,1,None,0,40.0
INS-1419,2026-09-05 08:45:00,BATCH-B,Line-3,Cotton,155.7,48.19,2,Stain,1,50.0
INS-1420,2026-09-05 09:00:00,BATCH-B,Line-3,Denim,191.9,45.86,1,None,0,40.0
INS-1421,2026-09-05 09:15:00,BATCH-B,Line-1,Denim,189.3,44.66,1,Broken Yarn,1,12.5
INS-1422,2026-09-05 09:30:00,BATCH-B,Line-2,Cotton,172.8,44.05,1,None,0,25.0
INS-1423,2026-09-05 09:45:00,BATCH-C,Line-2,Denim,190.0,44.82,2,Hole,1,25.0
INS-1424,2026-09-05 10:00:00,BATCH-D,Line-2,Denim,175.2,43.82,3,Crease,1,37.5
INS-1425,2026-09-05 10:15:00,BATCH-A,Line-2,Denim,169.9,42.36,1,Crease,1,40.0
INS-1426,2026-09-05 10:30:00,BATCH-A,Line-1,Polyester Blend,187.0,46.2,1,None,0,40.0
INS-1427,2026-09-05 10:45:00,BATCH-D,Line-3,Denim,164.9,47.42,0,Hole,1,0.0
INS-1428,2026-09-05 11:00:00,BATCH-A,Line-2,Denim,176.6,41.15,2,None,0,25.0
INS-1429,2026-09-05 11:15:00,BATCH-D,Line-1,Denim,171.1,43.0,1,None,0,25.0
INS-1430,2026-09-05 11:30:00,BATCH-A,Line-2,Polyester Blend,175.0,43.98,1,None,0,40.0
INS-1431,2026-09-05 11:45:00,BATCH-B,Line-2,Cotton,186.5,45.02,3,None,0,120.0
INS-1432,2026-09-05 12:00:00,BATCH-A,Line-1,Linen,171.1,44.36,1,Crease,1,12.5
INS-1433,2026-09-05 12:15:00,BATCH-D,Line-3,Denim,177.1,48.3,2,None,0,50.0
INS-1434,2026-09-05 12:30:00,BATCH-D,Line-3,Cotton,172.5,36.74,1,Broken Yarn,1,12.5
INS-1435,2026-09-05 12:45:00,BATCH-D,Line-1,Denim,201.7,37.62,1,Stain,1,40.0
INS-1436,2026-09-05 13:00:00,BATCH-D,Line-3,Polyester Blend,185.1,45.97,1,Stain,1,12.5
INS-1437,2026-09-05 13:15:00,BATCH-D,Line-1,Cotton,183.3,41.99,1,None,0,40.0
INS-1438,2026-09-05 13:30:00,BATCH-C,Line-1,Polyester Blend,190.3,49.42,4,None,0,100.0
INS-1439,2026-09-05 13:45:00,BATCH-C,Line-1,Denim,171.1,50.85,2,Stain,1,25.0
INS-1440,2026-09-05 14:00:00,BATCH-A,Line-3,Denim,192.9,46.17,1,None,0,40.0
INS-1441,2026-09-05 14:15:00,BATCH-D,Line-1,Polyester Blend,185.2,39.64,2,None,0,80.0
INS-1442,2026-09-05 14:30:00,BATCH-A,Line-2,Linen,156.6,50.27,3,None,0,120.0
INS-1443,2026-09-05 14:45:00,BATCH-D,Line-3,Polyester Blend,158.6,45.99,2,None,0,80.0
INS-1444,2026-09-05 15:00:00,BATCH-D,Line-3,Denim,171.4,37.57,1,Hole,1,12.5
INS-1445,2026-09-05 15:15:00,BATCH-C,Line-3,Polyester Blend,160.2,38.01,3,None,0,120.0
INS-1446,2026-09-05 15:30:00,BATCH-C,Line-3,Linen,176.4,52.58,3,None,0,37.5
INS-1447,2026-09-05 15:45:00,BATCH-B,Line-2,Polyester Blend,164.8,51.76,2,None,0,80.0
INS-1448,2026-09-05 16:00:00,BATCH-C,Line-3,Linen,178.5,32.41,0,None,0,0.0
INS-1449,2026-09-05 16:15:00,BATCH-B,Line-3,Linen,201.2,38.21,2,None,0,25.0
INS-1450,2026-09-05 16:30:00,BATCH-B,Line-1,Polyester Blend,179.3,50.7,0,None,0,0.0
INS-1451,2026-09-05 16:45:00,BATCH-B,Line-3,Polyester Blend,175.5,44.91,0,None,0,0.0
INS-1452,2026-09-05 17:00:00,BATCH-B,Line-2,Cotton,185.8,48.51,2,Broken Yarn,1,80.0
INS-1453,2026-09-05 17:15:00,BATCH-B,Line-2,Denim,169.6,44.69,3,None,0,120.0
INS-1454,2026-09-05 17:30:00,BATCH-A,Line-2,Linen,192.7,48.27,0,None,0,0.0
INS-1455,2026-09-05 17:45:00,BATCH-C,Line-2,Cotton,187.4,45.03,3,None,0,120.0
INS-1456,2026-09-05 18:00:00,BATCH-B,Line-3,Polyester Blend,180.6,42.81,0,None,0,0.0
INS-1457,2026-09-05 18:15:00,BATCH-D,Line-3,Denim,182.3,50.29,0,Crease,1,0.0
INS-1458,2026-09-05 18:30:00,BATCH-C,Line-2,Cotton,210.6,46.01,2,None,0,25.0
INS-1459,2026-09-05 18:45:00,BATCH-C,Line-2,Linen,194.1,48.26,1,None,0,40.0
INS-1460,2026-09-05 19:00:00,BATCH-B,Line-3,Cotton,213.0,45.79,0,None,0,0.0
INS-1461,2026-09-05 19:15:00,BATCH-A,Line-2,Linen,188.0,42.57,1,Crease,1,12.5
INS-1462,2026-09-05 19:30:00,BATCH-B,Line-1,Polyester Blend,157.9,53.04,2,None,0,25.0
INS-1463,2026-09-05 19:45:00,BATCH-A,Line-2,Denim,176.1,46.77,0,Stain,1,0.0
INS-1464,2026-09-05 20:00:00,BATCH-D,Line-2,Denim,154.5,43.22,3,None,0,75.0
INS-1465,2026-09-05 20:15:00,BATCH-C,Line-1,Denim,187.9,51.39,0,Crease,1,0.0
INS-1466,2026-09-05 20:30:00,BATCH-D,Line-1,Polyester Blend,191.2,38.4,0,Hole,1,0.0
INS-1467,2026-09-05 20:45:00,BATCH-A,Line-3,Linen,166.7,56.18,0,None,0,0.0
INS-1468,2026-09-05 21:00:00,BATCH-A,Line-3,Polyester Blend,170.2,44.1,2,None,0,25.0
INS-1469,2026-09-05 21:15:00,BATCH-D,Line-1,Denim,182.2,38.66,1,None,0,25.0
INS-1470,2026-09-05 21:30:00,BATCH-A,Line-1,Polyester Blend,162.0,54.53,0,None,0,0.0
INS-1471,2026-09-05 21:45:00,BATCH-D,Line-3,Polyester Blend,160.9,42.68,4,None,0,160.0
INS-1472,2026-09-05 22:00:00,BATCH-C,Line-2,Polyester Blend,198.6,46.22,3,None,0,120.0
INS-1473,2026-09-05 22:15:00,BATCH-D,Line-1,Linen,181.7,48.59,1,None,0,25.0
INS-1474,2026-09-05 22:30:00,BATCH-C,Line-3,Cotton,171.6,50.92,1,None,0,40.0
INS-1475,2026-09-05 22:45:00,BATCH-D,Line-2,Cotton,154.6,46.5,2,None,0,80.0
INS-1476,2026-09-05 23:00:00,BATCH-A,Line-1,Polyester Blend,192.8,41.76,1,None,0,12.5
INS-1477,2026-09-05 23:15:00,BATCH-D,Line-2,Cotton,169.7,46.09,5,None,0,200.0
INS-1478,2026-09-05 23:30:00,BATCH-A,Line-3,Cotton,207.9,42.9,2,Crease,1,25.0
INS-1479,2026-09-05 23:45:00,BATCH-D,Line-1,Polyester Blend,192.9,46.25,0,None,0,0.0
INS-1480,2026-09-06 00:00:00,BATCH-D,Line-2,Polyester Blend,167.9,53.14,0,Stain,1,0.0
INS-1481,2026-09-06 00:15:00,BATCH-B,Line-1,Denim,169.3,48.78,0,None,0,0.0
INS-1482,2026-09-06 00:30:00,BATCH-A,Line-2,Cotton,205.8,46.03,3,None,0,120.0
INS-1483,2026-09-06 00:45:00,BATCH-B,Line-3,Linen,178.7,48.69,1,None,0,12.5
INS-1484,2026-09-06 01:00:00,BATCH-A,Line-3,Polyester Blend,172.3,49.05,4,None,0,100.0
INS-1485,2026-09-06 01:15:00,BATCH-B,Line-1,Denim,180.4,39.61,3,Stain,1,37.5
INS-1486,2026-09-06 01:30:00,BATCH-C,Line-2,Linen,172.2,45.21,3,Broken Yarn,1,120.0
INS-1487,2026-09-06 01:45:00,BATCH-D,Line-1,Cotton,183.6,57.81,2,None,0,25.0
INS-1488,2026-09-06 02:00:00,BATCH-A,Line-1,Denim,178.9,51.06,1,Crease,1,40.0
INS-1489,2026-09-06 02:15:00,BATCH-A,Line-2,Polyester Blend,193.1,42.48,0,None,0,0.0
INS-1490,2026-09-06 02:30:00,BATCH-D,Line-2,Linen,174.2,41.98,0,Crease,1,0.0
INS-1491,2026-09-06 02:45:00,BATCH-A,Line-2,Polyester Blend,166.7,41.82,0,Crease,1,0.0
INS-1492,2026-09-06 03:00:00,BATCH-A,Line-3,Cotton,174.8,49.33,1,None,0,40.0
INS-1493,2026-09-06 03:15:00,BATCH-B,Line-1,Linen,174.7,53.04,1,None,0,40.0
INS-1494,2026-09-06 03:30:00,BATCH-A,Line-1,Cotton,178.8,47.91,1,None,0,12.5
INS-1495,2026-09-06 03:45:00,BATCH-C,Line-3,Cotton,189.5,45.79,1,Broken Yarn,1,12.5
INS-1496,2026-09-06 04:00:00,BATCH-C,Line-2,Denim,188.7,42.78,2,None,0,25.0
INS-1497,2026-09-06 04:15:00,BATCH-D,Line-3,Polyester Blend,198.0,46.65,1,Crease,1,25.0
INS-1498,2026-09-06 04:30:00,BATCH-A,Line-3,Linen,167.8,40.9,1,Broken Yarn,1,40.0
INS-1499,2026-09-06 04:45:00,BATCH-D,Line-3,Cotton,185.8,35.32,1,None,0,40.0
INS-1500,2026-09-06 05:00:00,BATCH-C,Line-1,Cotton,190.9,53.18,2,None,0,50.0
INS-1501,2026-09-06 05:15:00,BATCH-A,Line-3,Linen,169.9,39.97,0,Broken Yarn,1,0.0
INS-1502,2026-09-06 05:30:00,BATCH-A,Line-1,Cotton,176.9,43.38,1,None,0,12.5
INS-1503,2026-09-06 05:45:00,BATCH-D,Line-1,Denim,153.8,48.28,0,Stain,1,0.0
INS-1504,2026-09-06 06:00:00,BATCH-C,Line-1,Denim,193.6,52.17,0,None,0,0.0
INS-1505,2026-09-06 06:15:00,BATCH-A,Line-2,Denim,176.8,46.29,0,None,0,0.0
INS-1506,2026-09-06 06:30:00,BATCH-D,Line-1,Denim,192.1,39.03,2,None,0,25.0
INS-1507,2026-09-06 06:45:00,BATCH-C,Line-1,Cotton,183.1,43.49,3,Broken Yarn,1,37.5
INS-1508,2026-09-06 07:00:00,BATCH-D,Line-2,Linen,177.2,41.61,3,None,0,75.0
INS-1509,2026-09-06 07:15:00,BATCH-B,Line-1,Linen,156.1,44.81,0,Stain,1,0.0
INS-1510,2026-09-06 07:30:00,BATCH-A,Line-3,Linen,158.8,51.16,1,None,0,25.0
INS-1511,2026-09-06 07:45:00,BATCH-B,Line-3,Linen,141.1,32.31,1,Stain,1,40.0
INS-1512,2026-09-06 08:00:00,BATCH-C,Line-1,Polyester Blend,171.6,42.94,2,None,0,80.0
INS-1513,2026-09-06 08:15:00,BATCH-B,Line-2,Linen,214.2,42.58,2,None,0,25.0
INS-1514,2026-09-06 08:30:00,BATCH-B,Line-3,Polyester Blend,160.7,38.72,1,Stain,1,25.0
INS-1515,2026-09-06 08:45:00,BATCH-C,Line-2,Polyester Blend,140.5,47.93,0,None,0,0.0
INS-1516,2026-09-06 09:00:00,BATCH-D,Line-2,Denim,194.4,37.93,1,None,0,40.0
INS-1517,2026-09-06 09:15:00,BATCH-B,Line-3,Polyester Blend,215.5,38.5,1,None,0,25.0
INS-1518,2026-09-06 09:30:00,BATCH-D,Line-2,Cotton,184.5,49.26,1,Stain,1,40.0
INS-1519,2026-09-06 09:45:00,BATCH-B,Line-3,Polyester Blend,184.3,52.5,1,Crease,1,40.0
INS-1520,2026-09-06 10:00:00,BATCH-D,Line-2,Denim,175.4,44.62,2,None,0,50.0
INS-1521,2026-09-06 10:15:00,BATCH-C,Line-3,Polyester Blend,153.1,38.91,3,None,0,120.0
INS-1522,2026-09-06 10:30:00,BATCH-B,Line-1,Cotton,158.2,41.47,2,Stain,1,50.0
INS-1523,2026-09-06 10:45:00,BATCH-C,Line-3,Cotton,175.2,50.04,0,None,0,0.0
INS-1524,2026-09-06 11:00:00,BATCH-B,Line-3,Cotton,172.4,45.58,2,Crease,1,50.0
INS-1525,2026-09-06 11:15:00,BATCH-C,Line-3,Denim,178.3,44.49,0,None,0,0.0
INS-1526,2026-09-06 11:30:00,BATCH-C,Line-3,Denim,192.4,46.57,2,Crease,1,80.0
INS-1527,2026-09-06 11:45:00,BATCH-B,Line-2,Linen,171.3,44.81,2,Broken Yarn,1,50.0
INS-1528,2026-09-06 12:00:00,BATCH-B,Line-1,Denim,192.7,52.73,1,Stain,1,40.0
INS-1529,2026-09-06 12:15:00,BATCH-B,Line-3,Cotton,171.4,41.25,2,Broken Yarn,1,50.0
INS-1530,2026-09-06 12:30:00,BATCH-A,Line-2,Cotton,195.6,40.68,0,None,0,0.0
INS-1531,2026-09-06 12:45:00,BATCH-D,Line-1,Denim,181.3,38.08,1,None,0,40.0
INS-1532,2026-09-06 13:00:00,BATCH-A,Line-1,Polyester Blend,173.5,42.3,1,None,0,12.5
INS-1533,2026-09-06 13:15:00,BATCH-A,Line-1,Denim,181.0,39.54,0,Broken Yarn,1,0.0
INS-1534,2026-09-06 13:30:00,BATCH-C,Line-1,Denim,175.6,46.09,1,Broken Yarn,1,12.5
INS-1535,2026-09-06 13:45:00,BATCH-B,Line-3,Cotton,181.7,45.1,2,Hole,1,25.0
INS-1536,2026-09-06 14:00:00,BATCH-D,Line-3,Linen,191.4,39.6,1,None,0,40.0
INS-1537,2026-09-06 14:15:00,BATCH-C,Line-2,Cotton,178.7,47.95,3,None,0,37.5
INS-1538,2026-09-06 14:30:00,BATCH-A,Line-2,Linen,174.5,52.58,1,None,0,25.0
INS-1539,2026-09-06 14:45:00,BATCH-B,Line-2,Cotton,163.1,46.79,1,Broken Yarn,1,25.0
INS-1540,2026-09-06 15:00:00,BATCH-C,Line-1,Denim,188.7,32.28,1,None,0,12.5
INS-1541,2026-09-06 15:15:00,BATCH-B,Line-1,Cotton,185.2,54.94,1,None,0,25.0
INS-1542,2026-09-06 15:30:00,BATCH-C,Line-3,Cotton,162.3,48.73,1,Stain,1,40.0
INS-1543,2026-09-06 15:45:00,BATCH-B,Line-1,Cotton,192.5,54.78,1,None,0,25.0
INS-1544,2026-09-06 16:00:00,BATCH-A,Line-1,Denim,162.0,50.45,2,None,0,25.0
INS-1545,2026-09-06 16:15:00,BATCH-D,Line-1,Denim,195.4,51.45,0,None,0,0.0
INS-1546,2026-09-06 16:30:00,BATCH-A,Line-2,Denim,190.3,46.03,2,Broken Yarn,1,50.0
INS-1547,2026-09-06 16:45:00,BATCH-D,Line-2,Denim,186.3,43.69,5,None,0,200.0
INS-1548,2026-09-06 17:00:00,BATCH-B,Line-3,Linen,174.3,46.87,0,Broken Yarn,1,0.0
INS-1549,2026-09-06 17:15:00,BATCH-C,Line-1,Linen,188.6,41.46,2,None,0,50.0
INS-1550,2026-09-06 17:30:00,BATCH-A,Line-1,Polyester Blend,196.1,47.17,1,Hole,1,40.0
INS-1551,2026-09-06 17:45:00,BATCH-D,Line-3,Denim,188.9,31.87,1,None,0,40.0
INS-1552,2026-09-06 18:00:00,BATCH-A,Line-1,Linen,169.9,45.21,1,None,0,25.0
INS-1553,2026-09-06 18:15:00,BATCH-D,Line-1,Cotton,184.0,51.72,1,Broken Yarn,1,40.0
INS-1554,2026-09-06 18:30:00,BATCH-A,Line-2,Denim,197.0,45.47,2,Broken Yarn,1,80.0
INS-1555,2026-09-06 18:45:00,BATCH-D,Line-3,Polyester Blend,213.0,53.64,0,None,0,0.0
INS-1556,2026-09-06 19:00:00,BATCH-D,Line-3,Polyester Blend,176.9,43.68,1,Stain,1,12.5
INS-1557,2026-09-06 19:15:00,BATCH-B,Line-3,Polyester Blend,192.9,50.01,1,None,0,12.5
INS-1558,2026-09-06 19:30:00,BATCH-D,Line-3,Cotton,197.0,40.61,1,Crease,1,12.5
INS-1559,2026-09-06 19:45:00,BATCH-B,Line-2,Linen,167.8,49.81,2,Stain,1,25.0
INS-1560,2026-09-06 20:00:00,BATCH-D,Line-2,Cotton,206.7,46.16,1,None,0,12.5
INS-1561,2026-09-06 20:15:00,BATCH-C,Line-1,Denim,164.0,43.9,1,Stain,1,25.0
INS-1562,2026-09-06 20:30:00,BATCH-C,Line-1,Polyester Blend,192.1,32.13,2,None,0,25.0
INS-1563,2026-09-06 20:45:00,BATCH-C,Line-1,Cotton,184.6,43.73,1,None,0,40.0
INS-1564,2026-09-06 21:00:00,BATCH-D,Line-1,Cotton,180.8,46.07,2,Crease,1,50.0
INS-1565,2026-09-06 21:15:00,BATCH-B,Line-2,Linen,218.2,49.14,1,Broken Yarn,1,40.0
INS-1566,2026-09-06 21:30:00,BATCH-B,Line-3,Linen,175.5,52.8,1,None,0,12.5
INS-1567,2026-09-06 21:45:00,BATCH-D,Line-2,Polyester Blend,175.2,55.18,2,None,0,25.0
INS-1568,2026-09-06 22:00:00,BATCH-C,Line-1,Cotton,200.0,51.23,1,None,0,40.0
INS-1569,2026-09-06 22:15:00,BATCH-C,Line-2,Cotton,191.4,42.19,1,Crease,1,40.0
INS-1570,2026-09-06 22:30:00,BATCH-B,Line-3,Linen,199.2,43.48,0,None,0,0.0
INS-1571,2026-09-06 22:45:00,BATCH-C,Line-3,Cotton,181.8,48.69,2,None,0,50.0
INS-1572,2026-09-06 23:00:00,BATCH-A,Line-2,Cotton,184.8,47.6,1,None,0,12.5
INS-1573,2026-09-06 23:15:00,BATCH-B,Line-2,Cotton,208.5,53.14,2,None,0,80.0
INS-1574,2026-09-06 23:30:00,BATCH-C,Line-2,Linen,167.5,57.4,2,None,0,25.0
INS-1575,2026-09-06 23:45:00,BATCH-B,Line-1,Polyester Blend,178.5,56.34,1,None,0,40.0
INS-1576,2026-09-07 00:00:00,BATCH-A,Line-2,Denim,192.0,52.47,2,None,0,25.0
INS-1577,2026-09-07 00:15:00,BATCH-B,Line-2,Polyester Blend,177.1,47.64,3,None,0,75.0
INS-1578,2026-09-07 00:30:00,BATCH-B,Line-2,Denim,171.4,51.75,4,Crease,1,50.0
INS-1579,2026-09-07 00:45:00,BATCH-B,Line-3,Cotton,189.3,53.31,1,None,0,40.0
INS-1580,2026-09-07 01:00:00,BATCH-B,Line-3,Polyester Blend,200.0,44.26,4,Stain,1,50.0
INS-1581,2026-09-07 01:15:00,BATCH-A,Line-1,Denim,177.9,42.34,0,Stain,1,0.0
INS-1582,2026-09-07 01:30:00,BATCH-D,Line-1,Linen,177.5,41.16,1,Stain,1,25.0
INS-1583,2026-09-07 01:45:00,BATCH-B,Line-3,Linen,170.3,40.62,0,Hole,1,0.0
INS-1584,2026-09-07 02:00:00,BATCH-B,Line-3,Polyester Blend,175.6,38.09,0,None,0,0.0
INS-1585,2026-09-07 02:15:00,BATCH-C,Line-3,Polyester Blend,196.3,46.25,3,None,0,75.0
INS-1586,2026-09-07 02:30:00,BATCH-B,Line-2,Cotton,181.2,40.0,1,None,0,25.0
INS-1587,2026-09-07 02:45:00,BATCH-C,Line-2,Polyester Blend,167.9,41.08,2,None,0,25.0
INS-1588,2026-09-07 03:00:00,BATCH-D,Line-3,Cotton,183.9,48.51,0,Broken Yarn,1,0.0
INS-1589,2026-09-07 03:15:00,BATCH-A,Line-2,Cotton,195.8,45.91,0,Broken Yarn,1,0.0
INS-1590,2026-09-07 03:30:00,BATCH-A,Line-2,Linen,171.6,47.15,3,Hole,1,120.0
INS-1591,2026-09-07 03:45:00,BATCH-D,Line-1,Linen,160.1,51.83,2,None,0,80.0
INS-1592,2026-09-07 04:00:00,BATCH-A,Line-3,Denim,212.9,49.32,2,Crease,1,80.0
INS-1593,2026-09-07 04:15:00,BATCH-D,Line-3,Linen,159.3,52.59,6,None,0,75.0
INS-1594,2026-09-07 04:30:00,BATCH-D,Line-2,Linen,174.6,45.4,0,None,0,0.0
INS-1595,2026-09-07 04:45:00,BATCH-D,Line-3,Polyester Blend,183.5,53.06,2,None,0,25.0
INS-1596,2026-09-07 05:00:00,BATCH-A,Line-1,Linen,175.9,46.8,0,Stain,1,0.0
INS-1597,2026-09-07 05:15:00,BATCH-C,Line-1,Denim,178.9,45.84,0,None,0,0.0
INS-1598,2026-09-07 05:30:00,BATCH-D,Line-1,Polyester Blend,188.7,52.31,5,Crease,1,125.0
INS-1599,2026-09-07 05:45:00,BATCH-B,Line-3,Denim,144.1,40.64,2,Crease,1,80.0
INS-1600,2026-09-07 06:00:00,BATCH-A,Line-3,Linen,161.0,55.12,2,Hole,1,25.0
INS-1601,2026-09-07 06:15:00,BATCH-D,Line-3,Denim,180.7,43.59,2,None,0,25.0
INS-1602,2026-09-07 06:30:00,BATCH-D,Line-3,Polyester Blend,173.9,38.91,1,Hole,1,25.0
INS-1603,2026-09-07 06:45:00,BATCH-B,Line-3,Cotton,181.9,48.27,3,Stain,1,37.5
INS-1604,2026-09-07 07:00:00,BATCH-C,Line-1,Denim,183.4,43.11,2,None,0,80.0
INS-1605,2026-09-07 07:15:00,BATCH-C,Line-2,Denim,148.3,55.13,3,None,0,37.5
INS-1606,2026-09-07 07:30:00,BATCH-C,Line-1,Polyester Blend,199.1,42.84,2,None,0,50.0
INS-1607,2026-09-07 07:45:00,BATCH-D,Line-3,Polyester Blend,172.5,46.57,0,None,0,0.0
INS-1608,2026-09-07 08:00:00,BATCH-D,Line-1,Denim,167.0,37.87,1,None,0,40.0
INS-1609,2026-09-07 08:15:00,BATCH-D,Line-3,Linen,183.1,49.06,0,Crease,1,0.0
INS-1610,2026-09-07 08:30:00,BATCH-A,Line-3,Denim,181.6,41.11,2,None,0,25.0
INS-1611,2026-09-07 08:45:00,BATCH-B,Line-1,Polyester Blend,198.0,48.47,3,None,0,75.0
INS-1612,2026-09-07 09:00:00,BATCH-D,Line-3,Cotton,184.1,42.86,5,Crease,1,62.5
INS-1613,2026-09-07 09:15:00,BATCH-B,Line-2,Cotton,197.4,34.77,1,None,0,12.5
INS-1614,2026-09-07 09:30:00,BATCH-B,Line-3,Linen,165.9,45.66,2,Hole,1,80.0
INS-1615,2026-09-07 09:45:00,BATCH-C,Line-2,Denim,182.1,45.43,1,None,0,25.0
INS-1616,2026-09-07 10:00:00,BATCH-A,Line-2,Cotton,163.3,49.41,1,None,0,40.0
INS-1617,2026-09-07 10:15:00,BATCH-D,Line-3,Denim,181.5,52.78,2,None,0,50.0
INS-1618,2026-09-07 10:30:00,BATCH-C,Line-1,Polyester Blend,178.3,54.56,3,None,0,75.0
INS-1619,2026-09-07 10:45:00,BATCH-C,Line-2,Cotton,177.6,49.32,2,None,0,80.0
INS-1620,2026-09-07 11:00:00,BATCH-D,Line-1,Linen,177.8,46.39,1,Stain,1,25.0
INS-1621,2026-09-07 11:15:00,BATCH-B,Line-2,Polyester Blend,191.0,37.86,1,None,0,25.0
INS-1622,2026-09-07 11:30:00,BATCH-C,Line-3,Linen,155.9,46.01,2,Hole,1,25.0
INS-1623,2026-09-07 11:45:00,BATCH-B,Line-3,Polyester Blend,166.5,46.07,1,None,0,25.0
INS-1624,2026-09-07 12:00:00,BATCH-A,Line-2,Cotton,179.4,44.01,1,None,0,25.0
INS-1625,2026-09-07 12:15:00,BATCH-B,Line-3,Linen,162.3,48.16,2,Broken Yarn,1,80.0
INS-1626,2026-09-07 12:30:00,BATCH-A,Line-2,Linen,180.7,50.61,0,None,0,0.0
INS-1627,2026-09-07 12:45:00,BATCH-B,Line-3,Polyester Blend,179.2,40.91,1,Stain,1,25.0
INS-1628,2026-09-07 13:00:00,BATCH-C,Line-1,Linen,158.9,40.83,2,Crease,1,25.0
INS-1629,2026-09-07 13:15:00,BATCH-C,Line-3,Polyester Blend,158.2,44.3,4,Stain,1,50.0
INS-1630,2026-09-07 13:30:00,BATCH-A,Line-1,Polyester Blend,140.6,41.92,0,None,0,0.0
INS-1631,2026-09-07 13:45:00,BATCH-D,Line-3,Polyester Blend,161.7,36.79,2,None,0,50.0
INS-1632,2026-09-07 14:00:00,BATCH-A,Line-1,Polyester Blend,180.2,40.02,2,Broken Yarn,1,50.0
INS-1633,2026-09-07 14:15:00,BATCH-A,Line-3,Cotton,182.3,38.84,1,Stain,1,12.5
INS-1634,2026-09-07 14:30:00,BATCH-B,Line-1,Polyester Blend,183.0,51.04,1,None,0,12.5
INS-1635,2026-09-07 14:45:00,BATCH-B,Line-2,Denim,168.3,53.51,1,None,0,12.5
INS-1636,2026-09-07 15:00:00,BATCH-A,Line-2,Linen,179.7,39.52,2,None,0,80.0
INS-1637,2026-09-07 15:15:00,BATCH-C,Line-1,Denim,186.0,47.73,2,None,0,50.0
INS-1638,2026-09-07 15:30:00,BATCH-B,Line-3,Cotton,161.0,49.37,2,None,0,80.0
INS-1639,2026-09-07 15:45:00,BATCH-D,Line-1,Denim,181.8,37.54,2,None,0,50.0
INS-1640,2026-09-07 16:00:00,BATCH-B,Line-3,Linen,189.8,45.8,1,Stain,1,40.0
INS-1641,2026-09-07 16:15:00,BATCH-B,Line-2,Denim,172.6,57.67,3,Crease,1,75.0
INS-1642,2026-09-07 16:30:00,BATCH-D,Line-3,Cotton,195.9,48.39,1,Broken Yarn,1,12.5
INS-1643,2026-09-07 16:45:00,BATCH-A,Line-2,Polyester Blend,173.0,43.77,0,None,0,0.0
INS-1644,2026-09-07 17:00:00,BATCH-D,Line-3,Denim,167.1,42.2,1,None,0,12.5
INS-1645,2026-09-07 17:15:00,BATCH-A,Line-3,Cotton,188.4,34.89,0,Crease,1,0.0
INS-1646,2026-09-07 17:30:00,BATCH-A,Line-3,Cotton,210.5,47.35,0,Crease,1,0.0
INS-1647,2026-09-07 17:45:00,BATCH-A,Line-1,Linen,181.3,54.74,0,Crease,1,0.0
INS-1648,2026-09-07 18:00:00,BATCH-D,Line-1,Linen,189.5,40.93,0,Stain,1,0.0
INS-1649,2026-09-07 18:15:00,BATCH-A,Line-2,Denim,172.4,35.32,0,None,0,0.0
INS-1650,2026-09-07 18:30:00,BATCH-C,Line-2,Polyester Blend,161.4,41.68,1,Stain,1,40.0
INS-1651,2026-09-07 18:45:00,BATCH-D,Line-1,Cotton,182.5,49.41,0,None,0,0.0
INS-1652,2026-09-07 19:00:00,BATCH-C,Line-2,Denim,184.9,42.86,1,None,0,25.0
INS-1653,2026-09-07 19:15:00,BATCH-A,Line-1,Cotton,174.6,40.9,0,Broken Yarn,1,0.0
INS-1654,2026-09-07 19:30:00,BATCH-B,Line-3,Cotton,189.5,45.1,0,None,0,0.0
INS-1655,2026-09-07 19:45:00,BATCH-A,Line-2,Polyester Blend,170.2,46.15,2,None,0,25.0
INS-1656,2026-09-07 20:00:00,BATCH-C,Line-2,Polyester Blend,166.5,38.06,0,None,0,0.0
INS-1657,2026-09-07 20:15:00,BATCH-C,Line-1,Denim,195.9,43.91,2,None,0,50.0
INS-1658,2026-09-07 20:30:00,BATCH-D,Line-2,Polyester Blend,196.0,42.51,3,Hole,1,75.0
INS-1659,2026-09-07 20:45:00,BATCH-B,Line-2,Polyester Blend,170.5,41.8,0,None,0,0.0
INS-1660,2026-09-07 21:00:00,BATCH-D,Line-3,Denim,205.8,39.91,0,None,0,0.0
INS-1661,2026-09-07 21:15:00,BATCH-C,Line-2,Polyester Blend,175.7,49.71,1,None,0,40.0
INS-1662,2026-09-07 21:30:00,BATCH-A,Line-3,Linen,181.3,41.78,3,None,0,37.5
INS-1663,2026-09-07 21:45:00,BATCH-B,Line-1,Cotton,178.7,35.03,3,None,0,75.0
INS-1664,2026-09-07 22:00:00,BATCH-A,Line-2,Cotton,187.9,46.32,0,Broken Yarn,1,0.0
INS-1665,2026-09-07 22:15:00,BATCH-A,Line-3,Cotton,184.1,48.63,0,None,0,0.0
INS-1666,2026-09-07 22:30:00,BATCH-B,Line-1,Cotton,183.9,41.02,1,Stain,1,40.0
INS-1667,2026-09-07 22:45:00,BATCH-D,Line-2,Denim,164.7,42.2,2,Crease,1,80.0
INS-1668,2026-09-07 23:00:00,BATCH-A,Line-1,Cotton,154.7,41.75,1,Broken Yarn,1,12.5
INS-1669,2026-09-07 23:15:00,BATCH-C,Line-2,Cotton,197.1,43.27,4,None,0,160.0
INS-1670,2026-09-07 23:30:00,BATCH-A,Line-1,Cotton,171.8,50.53,0,None,0,0.0
INS-1671,2026-09-07 23:45:00,BATCH-B,Line-1,Cotton,179.3,44.43,2,Hole,1,25.0
INS-1672,2026-09-08 00:00:00,BATCH-B,Line-3,Linen,184.9,49.2,0,None,0,0.0
INS-1673,2026-09-08 00:15:00,BATCH-B,Line-1,Cotton,204.4,40.16,1,Stain,1,12.5
INS-1674,2026-09-08 00:30:00,BATCH-D,Line-2,Linen,182.4,43.08,2,Hole,1,25.0
INS-1675,2026-09-08 00:45:00,BATCH-A,Line-2,Denim,174.1,49.77,0,Crease,1,0.0
INS-1676,2026-09-08 01:00:00,BATCH-D,Line-3,Polyester Blend,172.1,40.97,3,Crease,1,120.0
INS-1677,2026-09-08 01:15:00,BATCH-D,Line-2,Cotton,179.4,50.06,0,None,0,0.0
INS-1678,2026-09-08 01:30:00,BATCH-B,Line-2,Polyester Blend,166.4,41.86,2,None,0,25.0
INS-1679,2026-09-08 01:45:00,BATCH-B,Line-2,Polyester Blend,180.4,43.39,1,Crease,1,40.0
INS-1680,2026-09-08 02:00:00,BATCH-D,Line-1,Denim,179.2,53.35,1,None,0,25.0
INS-1681,2026-09-08 02:15:00,BATCH-A,Line-1,Polyester Blend,204.6,42.82,1,None,0,12.5
INS-1682,2026-09-08 02:30:00,BATCH-C,Line-2,Linen,178.7,45.73,3,Broken Yarn,1,37.5
INS-1683,2026-09-08 02:45:00,BATCH-D,Line-3,Polyester Blend,151.1,48.08,0,None,0,0.0
INS-1684,2026-09-08 03:00:00,BATCH-A,Line-1,Polyester Blend,220.1,46.13,0,Hole,1,0.0
INS-1685,2026-09-08 03:15:00,BATCH-B,Line-3,Polyester Blend,194.4,46.28,0,Broken Yarn,1,0.0
INS-1686,2026-09-08 03:30:00,BATCH-B,Line-2,Cotton,211.2,44.72,3,None,0,75.0
INS-1687,2026-09-08 03:45:00,BATCH-A,Line-2,Cotton,162.6,38.49,1,Crease,1,40.0
INS-1688,2026-09-08 04:00:00,BATCH-C,Line-1,Linen,176.7,46.74,0,Stain,1,0.0
INS-1689,2026-09-08 04:15:00,BATCH-B,Line-2,Linen,190.1,41.34,2,Broken Yarn,1,25.0
INS-1690,2026-09-08 04:30:00,BATCH-B,Line-1,Cotton,188.0,48.88,2,None,0,25.0
INS-1691,2026-09-08 04:45:00,BATCH-B,Line-2,Linen,184.6,51.86,1,None,0,12.5
INS-1692,2026-09-08 05:00:00,BATCH-A,Line-2,Cotton,147.0,35.97,0,Broken Yarn,1,0.0
INS-1693,2026-09-08 05:15:00,BATCH-D,Line-1,Denim,154.3,51.87,2,None,0,80.0
INS-1694,2026-09-08 05:30:00,BATCH-B,Line-1,Polyester Blend,202.8,42.94,3,None,0,120.0
INS-1695,2026-09-08 05:45:00,BATCH-D,Line-1,Polyester Blend,205.4,44.35,2,Broken Yarn,1,25.0
INS-1696,2026-09-08 06:00:00,BATCH-C,Line-2,Linen,178.4,40.44,1,None,0,12.5
INS-1697,2026-09-08 06:15:00,BATCH-B,Line-2,Cotton,200.9,45.94,1,None,0,25.0
INS-1698,2026-09-08 06:30:00,BATCH-B,Line-3,Cotton,164.7,45.33,1,None,0,40.0
INS-1699,2026-09-08 06:45:00,BATCH-C,Line-1,Linen,168.1,50.38,0,None,0,0.0
INS-1700,2026-09-08 07:00:00,BATCH-B,Line-2,Cotton,163.5,41.29,3,Stain,1,120.0
INS-1701,2026-09-08 07:15:00,BATCH-D,Line-2,Denim,167.3,53.3,2,None,0,50.0
INS-1702,2026-09-08 07:30:00,BATCH-A,Line-1,Polyester Blend,190.8,48.32,0,None,0,0.0
INS-1703,2026-09-08 07:45:00,BATCH-D,Line-3,Linen,167.1,45.45,3,Broken Yarn,1,75.0
INS-1704,2026-09-08 08:00:00,BATCH-A,Line-1,Linen,213.6,44.1,1,Crease,1,25.0
INS-1705,2026-09-08 08:15:00,BATCH-A,Line-3,Cotton,186.9,43.47,2,Broken Yarn,1,25.0
INS-1706,2026-09-08 08:30:00,BATCH-D,Line-2,Linen,196.3,43.79,3,None,0,120.0
INS-1707,2026-09-08 08:45:00,BATCH-D,Line-3,Denim,187.3,45.84,0,None,0,0.0
INS-1708,2026-09-08 09:00:00,BATCH-D,Line-2,Cotton,198.2,43.96,1,Hole,1,12.5
INS-1709,2026-09-08 09:15:00,BATCH-D,Line-1,Cotton,167.0,41.8,0,None,0,0.0
INS-1710,2026-09-08 09:30:00,BATCH-C,Line-1,Cotton,201.7,45.87,3,Broken Yarn,1,75.0
INS-1711,2026-09-08 09:45:00,BATCH-B,Line-1,Cotton,182.1,40.82,1,None,0,25.0
INS-1712,2026-09-08 10:00:00,BATCH-A,Line-3,Denim,198.1,46.61,1,None,0,40.0
INS-1713,2026-09-08 10:15:00,BATCH-D,Line-2,Cotton,158.4,43.88,3,Stain,1,75.0
INS-1714,2026-09-08 10:30:00,BATCH-D,Line-1,Linen,182.7,48.48,0,Broken Yarn,1,0.0
INS-1715,2026-09-08 10:45:00,BATCH-D,Line-1,Denim,182.2,49.95,3,Broken Yarn,1,75.0
INS-1716,2026-09-08 11:00:00,BATCH-C,Line-2,Polyester Blend,170.7,49.94,3,None,0,37.5
INS-1717,2026-09-08 11:15:00,BATCH-D,Line-1,Polyester Blend,184.7,46.59,0,None,0,0.0
INS-1718,2026-09-08 11:30:00,BATCH-D,Line-2,Linen,203.1,47.17,1,None,0,40.0
INS-1719,2026-09-08 11:45:00,BATCH-D,Line-2,Linen,169.6,43.39,2,None,0,80.0
INS-1720,2026-09-08 12:00:00,BATCH-B,Line-2,Denim,194.4,48.39,3,None,0,37.5
INS-1721,2026-09-08 12:15:00,BATCH-C,Line-2,Polyester Blend,163.1,48.95,2,None,0,25.0
INS-1722,2026-09-08 12:30:00,BATCH-D,Line-2,Polyester Blend,211.6,37.16,1,None,0,25.0
INS-1723,2026-09-08 12:45:00,BATCH-A,Line-3,Polyester Blend,191.8,46.89,4,Crease,1,50.0
INS-1724,2026-09-08 13:00:00,BATCH-A,Line-1,Polyester Blend,205.9,51.84,1,Stain,1,40.0
INS-1725,2026-09-08 13:15:00,BATCH-A,Line-3,Polyester Blend,190.1,43.22,2,Crease,1,25.0
INS-1726,2026-09-08 13:30:00,BATCH-C,Line-1,Cotton,185.9,42.13,2,None,0,80.0
INS-1727,2026-09-08 13:45:00,BATCH-C,Line-3,Linen,191.9,42.9,3,Crease,1,120.0
INS-1728,2026-09-08 14:00:00,BATCH-A,Line-2,Cotton,178.0,37.48,1,None,0,25.0
INS-1729,2026-09-08 14:15:00,BATCH-D,Line-1,Polyester Blend,155.7,45.63,1,None,0,25.0
INS-1730,2026-09-08 14:30:00,BATCH-C,Line-1,Denim,186.7,45.15,1,Stain,1,25.0
INS-1731,2026-09-08 14:45:00,BATCH-A,Line-3,Denim,168.7,45.99,1,None,0,25.0
INS-1732,2026-09-08 15:00:00,BATCH-A,Line-3,Polyester Blend,163.5,47.08,5,None,0,62.5
INS-1733,2026-09-08 15:15:00,BATCH-D,Line-1,Polyester Blend,189.5,41.01,0,None,0,0.0
INS-1734,2026-09-08 15:30:00,BATCH-B,Line-3,Denim,175.8,46.37,2,None,0,25.0
INS-1735,2026-09-08 15:45:00,BATCH-C,Line-3,Cotton,195.4,47.22,1,Broken Yarn,1,25.0
INS-1736,2026-09-08 16:00:00,BATCH-D,Line-3,Cotton,168.2,42.56,3,Broken Yarn,1,75.0
INS-1737,2026-09-08 16:15:00,BATCH-A,Line-2,Polyester Blend,172.9,47.1,3,Stain,1,120.0
INS-1738,2026-09-08 16:30:00,BATCH-A,Line-2,Cotton,197.3,45.4,0,None,0,0.0
INS-1739,2026-09-08 16:45:00,BATCH-D,Line-3,Denim,184.2,41.84,3,Broken Yarn,1,120.0
INS-1740,2026-09-08 17:00:00,BATCH-C,Line-3,Cotton,157.8,46.41,0,None,0,0.0
INS-1741,2026-09-08 17:15:00,BATCH-B,Line-2,Polyester Blend,183.9,43.55,1,None,0,12.5
INS-1742,2026-09-08 17:30:00,BATCH-B,Line-2,Denim,202.2,48.49,1,Crease,1,25.0
INS-1743,2026-09-08 17:45:00,BATCH-A,Line-1,Cotton,172.8,43.8,0,None,0,0.0
INS-1744,2026-09-08 18:00:00,BATCH-C,Line-1,Linen,189.0,38.55,2,Broken Yarn,1,25.0
INS-1745,2026-09-08 18:15:00,BATCH-B,Line-2,Denim,167.3,46.33,0,None,0,0.0
INS-1746,2026-09-08 18:30:00,BATCH-C,Line-3,Denim,177.9,46.15,1,Broken Yarn,1,25.0
INS-1747,2026-09-08 18:45:00,BATCH-C,Line-3,Linen,196.3,39.59,2,Broken Yarn,1,50.0
INS-1748,2026-09-08 19:00:00,BATCH-A,Line-3,Linen,183.3,48.75,1,None,0,25.0
INS-1749,2026-09-08 19:15:00,BATCH-B,Line-3,Denim,199.3,48.49,1,None,0,12.5
INS-1750,2026-09-08 19:30:00,BATCH-D,Line-1,Linen,186.4,40.65,2,Broken Yarn,1,80.0
INS-1751,2026-09-08 19:45:00,BATCH-A,Line-2,Polyester Blend,213.3,41.7,3,None,0,120.0
INS-1752,2026-09-08 20:00:00,BATCH-B,Line-3,Polyester Blend,156.5,44.29,1,None,0,25.0
INS-1753,2026-09-08 20:15:00,BATCH-B,Line-1,Polyester Blend,176.7,41.21,0,Broken Yarn,1,0.0
INS-1754,2026-09-08 20:30:00,BATCH-B,Line-3,Denim,163.7,48.2,1,None,0,12.5
INS-1755,2026-09-08 20:45:00,BATCH-B,Line-2,Linen,164.8,45.74,5,Hole,1,125.0
INS-1756,2026-09-08 21:00:00,BATCH-B,Line-1,Linen,164.9,39.53,1,None,0,25.0
INS-1757,2026-09-08 21:15:00,BATCH-C,Line-2,Cotton,182.5,40.89,2,None,0,50.0
INS-1758,2026-09-08 21:30:00,BATCH-A,Line-2,Cotton,183.4,50.94,1,Broken Yarn,1,12.5
INS-1759,2026-09-08 21:45:00,BATCH-C,Line-1,Linen,186.4,52.68,1,None,0,25.0
INS-1760,2026-09-08 22:00:00,BATCH-D,Line-1,Linen,163.2,47.69,3,None,0,75.0
INS-1761,2026-09-08 22:15:00,BATCH-B,Line-1,Linen,175.1,43.94,0,None,0,0.0
INS-1762,2026-09-08 22:30:00,BATCH-A,Line-1,Denim,165.5,42.8,0,None,0,0.0
INS-1763,2026-09-08 22:45:00,BATCH-B,Line-1,Linen,194.0,47.75,2,None,0,80.0
INS-1764,2026-09-08 23:00:00,BATCH-A,Line-1,Cotton,166.9,45.38,3,None,0,75.0
INS-1765,2026-09-08 23:15:00,BATCH-C,Line-1,Denim,176.8,36.95,1,None,0,12.5
INS-1766,2026-09-08 23:30:00,BATCH-A,Line-3,Linen,188.4,50.16,1,None,0,25.0
INS-1767,2026-09-08 23:45:00,BATCH-D,Line-2,Cotton,170.8,51.73,3,Broken Yarn,1,75.0
INS-1768,2026-09-09 00:00:00,BATCH-D,Line-1,Denim,190.4,48.69,1,Broken Yarn,1,40.0
INS-1769,2026-09-09 00:15:00,BATCH-A,Line-3,Linen,203.9,39.54,0,None,0,0.0
INS-1770,2026-09-09 00:30:00,BATCH-A,Line-3,Linen,182.8,41.82,4,Stain,1,160.0
INS-1771,2026-09-09 00:45:00,BATCH-A,Line-3,Linen,193.5,35.71,1,Stain,1,12.5
INS-1772,2026-09-09 01:00:00,BATCH-A,Line-2,Denim,148.9,52.98,3,None,0,120.0
INS-1773,2026-09-09 01:15:00,BATCH-D,Line-1,Cotton,173.6,43.22,0,Broken Yarn,1,0.0
INS-1774,2026-09-09 01:30:00,BATCH-B,Line-3,Cotton,182.8,56.67,1,None,0,12.5
INS-1775,2026-09-09 01:45:00,BATCH-A,Line-2,Polyester Blend,164.2,54.78,0,Hole,1,0.0
INS-1776,2026-09-09 02:00:00,BATCH-A,Line-2,Linen,183.1,40.48,3,None,0,120.0
INS-1777,2026-09-09 02:15:00,BATCH-D,Line-2,Polyester Blend,195.9,41.46,0,None,0,0.0
INS-1778,2026-09-09 02:30:00,BATCH-D,Line-3,Polyester Blend,151.8,47.33,1,Broken Yarn,1,12.5
INS-1779,2026-09-09 02:45:00,BATCH-C,Line-1,Cotton,162.2,36.23,1,None,0,40.0
INS-1780,2026-09-09 03:00:00,BATCH-A,Line-3,Denim,182.8,42.81,2,None,0,80.0
INS-1781,2026-09-09 03:15:00,BATCH-C,Line-3,Denim,186.9,42.31,2,None,0,25.0
INS-1782,2026-09-09 03:30:00,BATCH-D,Line-1,Cotton,191.1,54.26,3,None,0,37.5
INS-1783,2026-09-09 03:45:00,BATCH-D,Line-1,Denim,181.7,45.81,4,Broken Yarn,1,160.0
INS-1784,2026-09-09 04:00:00,BATCH-B,Line-1,Polyester Blend,186.9,43.58,2,Stain,1,50.0
INS-1785,2026-09-09 04:15:00,BATCH-A,Line-2,Linen,193.6,41.84,1,None,0,12.5
INS-1786,2026-09-09 04:30:00,BATCH-C,Line-1,Cotton,173.8,49.47,1,None,0,40.0
INS-1787,2026-09-09 04:45:00,BATCH-D,Line-3,Linen,170.9,42.52,2,Broken Yarn,1,50.0
INS-1788,2026-09-09 05:00:00,BATCH-D,Line-1,Denim,177.5,44.75,0,None,0,0.0
INS-1789,2026-09-09 05:15:00,BATCH-C,Line-3,Linen,183.0,41.8,1,Broken Yarn,1,12.5
INS-1790,2026-09-09 05:30:00,BATCH-B,Line-2,Denim,170.1,37.41,1,None,0,40.0
INS-1791,2026-09-09 05:45:00,BATCH-D,Line-3,Denim,174.1,40.02,0,None,0,0.0
INS-1792,2026-09-09 06:00:00,BATCH-A,Line-3,Polyester Blend,186.0,42.49,1,None,0,12.5
INS-1793,2026-09-09 06:15:00,BATCH-D,Line-1,Denim,182.4,43.68,1,None,0,25.0
INS-1794,2026-09-09 06:30:00,BATCH-A,Line-1,Polyester Blend,177.2,43.9,1,None,0,25.0
INS-1795,2026-09-09 06:45:00,BATCH-C,Line-3,Polyester Blend,153.9,44.56,1,None,0,12.5
INS-1796,2026-09-09 07:00:00,BATCH-A,Line-1,Polyester Blend,179.9,42.56,4,None,0,100.0
INS-1797,2026-09-09 07:15:00,BATCH-C,Line-2,Cotton,165.4,51.75,2,None,0,25.0
INS-1798,2026-09-09 07:30:00,BATCH-A,Line-2,Cotton,194.7,49.74,2,None,0,50.0
INS-1799,2026-09-09 07:45:00,BATCH-C,Line-1,Denim,175.4,44.32,1,None,0,12.5
INS-1800,2026-09-09 08:00:00,BATCH-A,Line-2,Polyester Blend,165.1,46.27,1,None,0,40.0
INS-1801,2026-09-09 08:15:00,BATCH-B,Line-1,Cotton,179.1,43.14,0,None,0,0.0
INS-1802,2026-09-09 08:30:00,BATCH-A,Line-3,Polyester Blend,199.1,30.78,0,None,0,0.0
INS-1803,2026-09-09 08:45:00,BATCH-A,Line-3,Linen,189.5,45.1,2,Broken Yarn,1,25.0
INS-1804,2026-09-09 09:00:00,BATCH-B,Line-2,Linen,183.3,46.53,0,Hole,1,0.0
INS-1805,2026-09-09 09:15:00,BATCH-D,Line-1,Linen,160.1,36.94,0,None,0,0.0
INS-1806,2026-09-09 09:30:00,BATCH-D,Line-1,Denim,204.3,47.5,2,None,0,50.0
INS-1807,2026-09-09 09:45:00,BATCH-A,Line-2,Polyester Blend,170.7,43.6,0,None,0,0.0
INS-1808,2026-09-09 10:00:00,BATCH-B,Line-3,Linen,194.0,46.69,2,Broken Yarn,1,25.0
INS-1809,2026-09-09 10:15:00,BATCH-A,Line-2,Cotton,175.1,43.75,0,None,0,0.0
INS-1810,2026-09-09 10:30:00,BATCH-C,Line-3,Linen,192.6,51.25,3,None,0,37.5
INS-1811,2026-09-09 10:45:00,BATCH-C,Line-1,Linen,199.6,46.13,1,Broken Yarn,1,40.0
INS-1812,2026-09-09 11:00:00,BATCH-A,Line-3,Linen,189.7,50.01,2,None,0,50.0
INS-1813,2026-09-09 11:15:00,BATCH-D,Line-2,Denim,191.3,50.42,1,None,0,25.0
INS-1814,2026-09-09 11:30:00,BATCH-D,Line-1,Cotton,178.5,39.4,1,None,0,25.0
INS-1815,2026-09-09 11:45:00,BATCH-A,Line-2,Polyester Blend,173.5,41.3,2,Broken Yarn,1,25.0
INS-1816,2026-09-09 12:00:00,BATCH-A,Line-2,Cotton,182.1,47.26,2,None,0,25.0
INS-1817,2026-09-09 12:15:00,BATCH-C,Line-3,Polyester Blend,174.9,43.17,2,Hole,1,50.0
INS-1818,2026-09-09 12:30:00,BATCH-D,Line-2,Denim,217.0,43.81,1,Broken Yarn,1,25.0
INS-1819,2026-09-09 12:45:00,BATCH-A,Line-3,Denim,165.1,51.43,0,None,0,0.0
INS-1820,2026-09-09 13:00:00,BATCH-C,Line-1,Denim,195.0,43.45,2,None,0,80.0
INS-1821,2026-09-09 13:15:00,BATCH-D,Line-3,Denim,187.8,40.16,1,None,0,40.0
INS-1822,2026-09-09 13:30:00,BATCH-B,Line-1,Polyester Blend,183.4,40.83,3,Stain,1,120.0
INS-1823,2026-09-09 13:45:00,BATCH-C,Line-3,Linen,202.2,55.91,5,Stain,1,200.0
INS-1824,2026-09-09 14:00:00,BATCH-D,Line-2,Polyester Blend,184.5,44.11,2,None,0,25.0
INS-1825,2026-09-09 14:15:00,BATCH-D,Line-3,Cotton,170.5,38.18,1,Hole,1,40.0
INS-1826,2026-09-09 14:30:00,BATCH-C,Line-3,Denim,184.4,36.15,2,None,0,80.0
INS-1827,2026-09-09 14:45:00,BATCH-B,Line-1,Denim,177.3,41.88,1,None,0,25.0
INS-1828,2026-09-09 15:00:00,BATCH-C,Line-2,Cotton,187.5,44.02,1,Crease,1,12.5
INS-1829,2026-09-09 15:15:00,BATCH-D,Line-3,Polyester Blend,192.2,49.75,1,Stain,1,40.0
INS-1830,2026-09-09 15:30:00,BATCH-A,Line-2,Linen,167.1,49.26,2,None,0,80.0
INS-1831,2026-09-09 15:45:00,BATCH-A,Line-3,Linen,197.9,44.97,2,Stain,1,80.0
INS-1832,2026-09-09 16:00:00,BATCH-C,Line-3,Cotton,176.2,42.73,0,Crease,1,0.0
INS-1833,2026-09-09 16:15:00,BATCH-D,Line-2,Linen,186.7,46.7,1,Stain,1,25.0
INS-1834,2026-09-09 16:30:00,BATCH-A,Line-3,Polyester Blend,189.3,36.26,0,Stain,1,0.0
INS-1835,2026-09-09 16:45:00,BATCH-D,Line-2,Polyester Blend,185.5,54.91,1,Stain,1,40.0
INS-1836,2026-09-09 17:00:00,BATCH-C,Line-3,Cotton,178.4,48.27,1,None,0,25.0
INS-1837,2026-09-09 17:15:00,BATCH-A,Line-1,Polyester Blend,172.7,49.33,0,Stain,1,0.0
INS-1838,2026-09-09 17:30:00,BATCH-D,Line-2,Denim,176.0,39.63,0,None,0,0.0
INS-1839,2026-09-09 17:45:00,BATCH-A,Line-3,Cotton,203.5,51.41,1,Hole,1,40.0
INS-1840,2026-09-09 18:00:00,BATCH-C,Line-3,Polyester Blend,167.0,42.7,1,None,0,25.0
INS-1841,2026-09-09 18:15:00,BATCH-D,Line-1,Cotton,169.2,40.24,1,Broken Yarn,1,12.5
INS-1842,2026-09-09 18:30:00,BATCH-A,Line-2,Linen,168.6,44.8,2,None,0,80.0
INS-1843,2026-09-09 18:45:00,BATCH-C,Line-3,Polyester Blend,182.0,44.69,2,None,0,25.0
INS-1844,2026-09-09 19:00:00,BATCH-A,Line-1,Denim,157.1,39.61,3,None,0,37.5
INS-1845,2026-09-09 19:15:00,BATCH-A,Line-3,Polyester Blend,159.7,40.53,4,Crease,1,50.0
INS-1846,2026-09-09 19:30:00,BATCH-B,Line-2,Cotton,176.1,40.13,1,Crease,1,40.0
INS-1847,2026-09-09 19:45:00,BATCH-B,Line-3,Cotton,160.7,40.18,1,None,0,25.0
INS-1848,2026-09-09 20:00:00,BATCH-C,Line-3,Polyester Blend,161.9,43.06,1,Crease,1,40.0
INS-1849,2026-09-09 20:15:00,BATCH-B,Line-3,Denim,160.8,38.06,2,Stain,1,50.0
INS-1850,2026-09-09 20:30:00,BATCH-C,Line-3,Denim,167.3,41.54,2,Broken Yarn,1,80.0
INS-1851,2026-09-09 20:45:00,BATCH-B,Line-1,Denim,191.0,50.23,0,None,0,0.0
INS-1852,2026-09-09 21:00:00,BATCH-A,Line-1,Cotton,194.3,49.12,1,Crease,1,40.0
INS-1853,2026-09-09 21:15:00,BATCH-C,Line-2,Polyester Blend,208.8,39.75,1,None,0,25.0
INS-1854,2026-09-09 21:30:00,BATCH-C,Line-1,Linen,208.2,49.79,1,Hole,1,40.0
INS-1855,2026-09-09 21:45:00,BATCH-A,Line-1,Cotton,191.8,35.17,1,Stain,1,12.5
INS-1856,2026-09-09 22:00:00,BATCH-C,Line-2,Denim,195.4,57.15,1,Stain,1,40.0
INS-1857,2026-09-09 22:15:00,BATCH-C,Line-1,Polyester Blend,182.0,51.5,1,Broken Yarn,1,12.5
INS-1858,2026-09-09 22:30:00,BATCH-B,Line-1,Denim,187.8,42.2,2,None,0,50.0
INS-1859,2026-09-09 22:45:00,BATCH-C,Line-2,Linen,209.2,46.91,0,None,0,0.0
INS-1860,2026-09-09 23:00:00,BATCH-D,Line-2,Denim,185.6,38.0,2,None,0,80.0
INS-1861,2026-09-09 23:15:00,BATCH-A,Line-2,Denim,197.3,45.3,0,None,0,0.0
INS-1862,2026-09-09 23:30:00,BATCH-B,Line-3,Linen,166.0,44.08,0,None,0,0.0
INS-1863,2026-09-09 23:45:00,BATCH-B,Line-3,Polyester Blend,170.0,40.83,0,Broken Yarn,1,0.0
INS-1864,2026-09-10 00:00:00,BATCH-D,Line-2,Cotton,184.7,42.66,0,Hole,1,0.0
INS-1865,2026-09-10 00:15:00,BATCH-A,Line-2,Polyester Blend,182.2,42.17,2,None,0,25.0
INS-1866,2026-09-10 00:30:00,BATCH-A,Line-2,Linen,170.7,39.34,1,None,0,12.5
INS-1867,2026-09-10 00:45:00,BATCH-B,Line-3,Denim,216.1,40.71,1,None,0,40.0
INS-1868,2026-09-10 01:00:00,BATCH-C,Line-3,Polyester Blend,182.6,37.79,5,None,0,200.0
INS-1869,2026-09-10 01:15:00,BATCH-B,Line-1,Cotton,173.4,49.29,0,None,0,0.0
INS-1870,2026-09-10 01:30:00,BATCH-A,Line-1,Linen,182.3,40.34,2,Broken Yarn,1,25.0
INS-1871,2026-09-10 01:45:00,BATCH-D,Line-2,Polyester Blend,180.4,38.89,4,None,0,160.0
INS-1872,2026-09-10 02:00:00,BATCH-B,Line-3,Cotton,182.8,49.21,4,Broken Yarn,1,160.0
INS-1873,2026-09-10 02:15:00,BATCH-A,Line-3,Linen,156.1,46.85,3,None,0,37.5
INS-1874,2026-09-10 02:30:00,BATCH-B,Line-3,Cotton,199.4,49.02,2,Hole,1,80.0
INS-1875,2026-09-10 02:45:00,BATCH-C,Line-2,Linen,200.2,49.58,1,Stain,1,40.0
INS-1876,2026-09-10 03:00:00,BATCH-B,Line-1,Denim,202.1,54.69,0,Crease,1,0.0
INS-1877,2026-09-10 03:15:00,BATCH-B,Line-2,Polyester Blend,184.9,44.22,0,Hole,1,0.0
INS-1878,2026-09-10 03:30:00,BATCH-A,Line-1,Cotton,189.9,37.71,1,Crease,1,25.0
INS-1879,2026-09-10 03:45:00,BATCH-A,Line-1,Linen,167.0,46.36,2,Hole,1,25.0
INS-1880,2026-09-10 04:00:00,BATCH-A,Line-2,Cotton,192.5,41.65,3,Broken Yarn,1,120.0
INS-1881,2026-09-10 04:15:00,BATCH-B,Line-1,Cotton,183.8,40.21,2,None,0,25.0
INS-1882,2026-09-10 04:30:00,BATCH-C,Line-1,Polyester Blend,173.1,45.5,0,None,0,0.0
INS-1883,2026-09-10 04:45:00,BATCH-D,Line-3,Denim,193.0,49.33,1,None,0,12.5
INS-1884,2026-09-10 05:00:00,BATCH-D,Line-1,Cotton,193.6,40.82,1,Broken Yarn,1,25.0
INS-1885,2026-09-10 05:15:00,BATCH-A,Line-2,Linen,180.9,51.37,2,None,0,50.0
INS-1886,2026-09-10 05:30:00,BATCH-A,Line-2,Linen,186.6,40.05,1,Hole,1,40.0
INS-1887,2026-09-10 05:45:00,BATCH-B,Line-1,Denim,164.5,43.78,4,Crease,1,100.0
INS-1888,2026-09-10 06:00:00,BATCH-D,Line-3,Linen,198.6,46.93,1,None,0,12.5
INS-1889,2026-09-10 06:15:00,BATCH-A,Line-3,Denim,166.5,43.06,1,None,0,25.0
INS-1890,2026-09-10 06:30:00,BATCH-C,Line-1,Linen,169.4,36.12,0,Crease,1,0.0
INS-1891,2026-09-10 06:45:00,BATCH-C,Line-1,Polyester Blend,180.9,49.64,2,None,0,50.0
INS-1892,2026-09-10 07:00:00,BATCH-A,Line-2,Cotton,196.7,41.88,0,Stain,1,0.0
INS-1893,2026-09-10 07:15:00,BATCH-A,Line-1,Polyester Blend,196.7,48.72,1,None,0,25.0
INS-1894,2026-09-10 07:30:00,BATCH-D,Line-3,Cotton,179.9,38.68,1,Broken Yarn,1,12.5
INS-1895,2026-09-10 07:45:00,BATCH-D,Line-1,Cotton,191.6,39.53,2,None,0,50.0
INS-1896,2026-09-10 08:00:00,BATCH-B,Line-2,Cotton,154.7,49.31,2,Hole,1,25.0
INS-1897,2026-09-10 08:15:00,BATCH-D,Line-2,Polyester Blend,169.2,46.7,1,None,0,12.5
INS-1898,2026-09-10 08:30:00,BATCH-C,Line-2,Cotton,169.5,42.81,0,None,0,0.0
INS-1899,2026-09-10 08:45:00,BATCH-C,Line-2,Polyester Blend,198.8,46.78,3,None,0,75.0
INS-1900,2026-09-10 09:00:00,BATCH-A,Line-2,Denim,189.8,40.23,0,None,0,0.0
INS-1901,2026-09-10 09:15:00,BATCH-D,Line-1,Linen,182.8,45.55,5,Crease,1,200.0
INS-1902,2026-09-10 09:30:00,BATCH-B,Line-1,Linen,184.2,45.64,1,Stain,1,12.5
INS-1903,2026-09-10 09:45:00,BATCH-C,Line-1,Cotton,203.5,43.13,1,None,0,25.0
INS-1904,2026-09-10 10:00:00,BATCH-C,Line-1,Polyester Blend,177.4,40.82,0,None,0,0.0
INS-1905,2026-09-10 10:15:00,BATCH-B,Line-2,Linen,160.3,45.35,0,None,0,0.0
INS-1906,2026-09-10 10:30:00,BATCH-B,Line-3,Polyester Blend,196.3,44.73,2,Broken Yarn,1,50.0
INS-1907,2026-09-10 10:45:00,BATCH-C,Line-1,Polyester Blend,182.7,42.67,3,Stain,1,37.5
INS-1908,2026-09-10 11:00:00,BATCH-C,Line-3,Cotton,194.3,39.83,4,None,0,100.0
INS-1909,2026-09-10 11:15:00,BATCH-B,Line-1,Linen,179.3,45.06,3,Broken Yarn,1,75.0
INS-1910,2026-09-10 11:30:00,BATCH-C,Line-1,Cotton,167.4,42.68,2,Broken Yarn,1,25.0
INS-1911,2026-09-10 11:45:00,BATCH-A,Line-3,Cotton,186.0,39.83,2,Crease,1,25.0
INS-1912,2026-09-10 12:00:00,BATCH-A,Line-2,Linen,180.2,45.22,3,Crease,1,120.0
INS-1913,2026-09-10 12:15:00,BATCH-B,Line-1,Linen,182.8,53.04,0,Stain,1,0.0
INS-1914,2026-09-10 12:30:00,BATCH-D,Line-1,Denim,204.2,43.17,0,Broken Yarn,1,0.0
INS-1915,2026-09-10 12:45:00,BATCH-B,Line-1,Denim,163.5,52.49,4,None,0,160.0
INS-1916,2026-09-10 13:00:00,BATCH-B,Line-3,Polyester Blend,184.3,55.57,2,Stain,1,50.0
INS-1917,2026-09-10 13:15:00,BATCH-D,Line-2,Linen,167.7,40.23,2,None,0,80.0
INS-1918,2026-09-10 13:30:00,BATCH-D,Line-3,Denim,141.1,45.05,1,None,0,12.5
INS-1919,2026-09-10 13:45:00,BATCH-D,Line-3,Polyester Blend,179.3,55.52,2,None,0,25.0
INS-1920,2026-09-10 14:00:00,BATCH-A,Line-2,Polyester Blend,180.5,44.39,2,Stain,1,25.0
INS-1921,2026-09-10 14:15:00,BATCH-C,Line-3,Polyester Blend,189.4,45.18,4,None,0,100.0
INS-1922,2026-09-10 14:30:00,BATCH-A,Line-2,Denim,176.7,36.65,1,None,0,40.0
INS-1923,2026-09-10 14:45:00,BATCH-C,Line-1,Linen,157.7,42.34,1,None,0,25.0
INS-1924,2026-09-10 15:00:00,BATCH-A,Line-2,Cotton,167.7,47.78,1,None,0,40.0
INS-1925,2026-09-10 15:15:00,BATCH-C,Line-1,Polyester Blend,199.8,57.15,0,None,0,0.0
INS-1926,2026-09-10 15:30:00,BATCH-A,Line-3,Denim,167.5,44.02,0,Stain,1,0.0
INS-1927,2026-09-10 15:45:00,BATCH-D,Line-3,Denim,203.7,36.69,0,Stain,1,0.0
INS-1928,2026-09-10 16:00:00,BATCH-B,Line-1,Cotton,195.7,37.97,2,None,0,50.0
INS-1929,2026-09-10 16:15:00,BATCH-A,Line-3,Cotton,175.2,44.82,2,Hole,1,25.0
INS-1930,2026-09-10 16:30:00,BATCH-C,Line-2,Denim,169.1,50.89,1,Stain,1,25.0
INS-1931,2026-09-10 16:45:00,BATCH-D,Line-1,Linen,195.7,48.19,1,None,0,25.0
INS-1932,2026-09-10 17:00:00,BATCH-A,Line-3,Cotton,176.4,47.3,0,Broken Yarn,1,0.0
INS-1933,2026-09-10 17:15:00,BATCH-A,Line-1,Denim,156.8,51.55,2,Crease,1,25.0
INS-1934,2026-09-10 17:30:00,BATCH-D,Line-2,Cotton,188.4,41.4,1,None,0,40.0
INS-1935,2026-09-10 17:45:00,BATCH-A,Line-2,Linen,186.3,45.1,1,None,0,40.0
INS-1936,2026-09-10 18:00:00,BATCH-B,Line-3,Polyester Blend,197.1,42.4,1,Crease,1,12.5
INS-1937,2026-09-10 18:15:00,BATCH-A,Line-2,Cotton,185.2,43.64,2,Broken Yarn,1,50.0
INS-1938,2026-09-10 18:30:00,BATCH-B,Line-1,Linen,171.8,39.97,4,None,0,160.0
INS-1939,2026-09-10 18:45:00,BATCH-B,Line-2,Denim,199.0,43.28,1,None,0,12.5
INS-1940,2026-09-10 19:00:00,BATCH-D,Line-1,Cotton,200.5,44.86,0,None,0,0.0
INS-1941,2026-09-10 19:15:00,BATCH-A,Line-1,Cotton,183.5,43.14,3,Hole,1,120.0
INS-1942,2026-09-10 19:30:00,BATCH-D,Line-2,Denim,180.9,44.19,1,None,0,40.0
INS-1943,2026-09-10 19:45:00,BATCH-A,Line-3,Polyester Blend,160.2,47.03,0,None,0,0.0
INS-1944,2026-09-10 20:00:00,BATCH-A,Line-2,Denim,170.9,51.19,0,Broken Yarn,1,0.0
INS-1945,2026-09-10 20:15:00,BATCH-C,Line-1,Cotton,191.4,51.56,2,None,0,80.0
INS-1946,2026-09-10 20:30:00,BATCH-A,Line-1,Denim,171.6,48.81,1,None,0,25.0
INS-1947,2026-09-10 20:45:00,BATCH-D,Line-2,Linen,158.1,38.7,5,None,0,200.0
INS-1948,2026-09-10 21:00:00,BATCH-B,Line-3,Denim,232.4,43.2,2,Stain,1,25.0
INS-1949,2026-09-10 21:15:00,BATCH-A,Line-3,Cotton,158.0,43.63,2,None,0,80.0
INS-1950,2026-09-10 21:30:00,BATCH-C,Line-1,Denim,213.9,41.71,0,Broken Yarn,1,0.0
INS-1951,2026-09-10 21:45:00,BATCH-D,Line-1,Polyester Blend,175.4,46.71,2,None,0,25.0
INS-1952,2026-09-10 22:00:00,BATCH-A,Line-3,Denim,178.7,37.03,3,None,0,37.5
INS-1953,2026-09-10 22:15:00,BATCH-D,Line-2,Polyester Blend,169.9,53.47,3,None,0,75.0
INS-1954,2026-09-10 22:30:00,BATCH-C,Line-1,Linen,191.7,50.98,2,None,0,25.0
INS-1955,2026-09-10 22:45:00,BATCH-C,Line-1,Polyester Blend,158.4,47.39,1,Stain,1,40.0
INS-1956,2026-09-10 23:00:00,BATCH-D,Line-3,Denim,152.4,44.69,1,None,0,25.0
INS-1957,2026-09-10 23:15:00,BATCH-A,Line-2,Cotton,204.2,51.14,1,Broken Yarn,1,12.5
INS-1958,2026-09-10 23:30:00,BATCH-B,Line-3,Polyester Blend,167.9,48.45,1,None,0,25.0
INS-1959,2026-09-10 23:45:00,BATCH-C,Line-2,Linen,191.2,50.53,1,Crease,1,25.0
INS-1960,2026-09-11 00:00:00,BATCH-A,Line-2,Polyester Blend,163.7,44.7,2,Broken Yarn,1,50.0
INS-1961,2026-09-11 00:15:00,BATCH-A,Line-2,Polyester Blend,190.6,53.95,5,Broken Yarn,1,200.0
INS-1962,2026-09-11 00:30:00,BATCH-B,Line-1,Polyester Blend,205.3,50.83,1,None,0,12.5
INS-1963,2026-09-11 00:45:00,BATCH-C,Line-3,Linen,172.1,47.55,1,None,0,25.0
INS-1964,2026-09-11 01:00:00,BATCH-C,Line-3,Denim,151.0,51.28,2,None,0,50.0
INS-1965,2026-09-11 01:15:00,BATCH-A,Line-2,Polyester Blend,205.3,42.9,1,Crease,1,25.0
INS-1966,2026-09-11 01:30:00,BATCH-A,Line-1,Polyester Blend,193.9,39.16,0,None,0,0.0
INS-1967,2026-09-11 01:45:00,BATCH-B,Line-1,Cotton,172.9,46.61,3,Broken Yarn,1,75.0
INS-1968,2026-09-11 02:00:00,BATCH-B,Line-3,Linen,176.7,44.71,3,Broken Yarn,1,75.0
INS-1969,2026-09-11 02:15:00,BATCH-C,Line-1,Polyester Blend,163.3,44.01,5,None,0,200.0
INS-1970,2026-09-11 02:30:00,BATCH-D,Line-1,Linen,201.3,51.08,2,Broken Yarn,1,25.0
INS-1971,2026-09-11 02:45:00,BATCH-C,Line-2,Polyester Blend,172.0,45.84,0,Broken Yarn,1,0.0
INS-1972,2026-09-11 03:00:00,BATCH-A,Line-1,Denim,158.7,46.32,1,Broken Yarn,1,12.5
INS-1973,2026-09-11 03:15:00,BATCH-C,Line-2,Denim,183.2,43.36,3,None,0,37.5
INS-1974,2026-09-11 03:30:00,BATCH-D,Line-3,Polyester Blend,167.1,49.41,4,None,0,50.0
INS-1975,2026-09-11 03:45:00,BATCH-B,Line-1,Denim,164.5,48.51,4,None,0,160.0
INS-1976,2026-09-11 04:00:00,BATCH-D,Line-3,Polyester Blend,173.5,49.37,2,Stain,1,80.0
INS-1977,2026-09-11 04:15:00,BATCH-D,Line-3,Denim,181.3,42.51,1,Broken Yarn,1,40.0
INS-1978,2026-09-11 04:30:00,BATCH-D,Line-1,Cotton,159.3,51.52,1,None,0,40.0
INS-1979,2026-09-11 04:45:00,BATCH-B,Line-1,Cotton,200.8,54.19,1,Crease,1,25.0
INS-1980,2026-09-11 05:00:00,BATCH-D,Line-3,Cotton,190.2,49.21,0,None,0,0.0
INS-1981,2026-09-11 05:15:00,BATCH-D,Line-1,Linen,174.5,40.95,2,Hole,1,50.0
INS-1982,2026-09-11 05:30:00,BATCH-D,Line-2,Linen,166.4,40.99,2,Crease,1,25.0
INS-1983,2026-09-11 05:45:00,BATCH-A,Line-2,Cotton,178.7,43.12,0,Hole,1,0.0
INS-1984,2026-09-11 06:00:00,BATCH-D,Line-1,Linen,193.5,42.18,1,Stain,1,12.5
INS-1985,2026-09-11 06:15:00,BATCH-B,Line-3,Denim,191.2,44.64,2,None,0,80.0
INS-1986,2026-09-11 06:30:00,BATCH-D,Line-1,Polyester Blend,195.9,48.16,2,None,0,25.0
INS-1987,2026-09-11 06:45:00,BATCH-D,Line-1,Polyester Blend,172.8,46.45,3,Broken Yarn,1,37.5
INS-1988,2026-09-11 07:00:00,BATCH-B,Line-3,Polyester Blend,136.1,46.01,2,None,0,50.0
INS-1989,2026-09-11 07:15:00,BATCH-D,Line-3,Cotton,198.7,43.79,4,None,0,160.0
INS-1990,2026-09-11 07:30:00,BATCH-B,Line-2,Linen,177.5,44.63,2,Stain,1,80.0
INS-1991,2026-09-11 07:45:00,BATCH-D,Line-3,Denim,190.0,48.98,1,None,0,25.0
INS-1992,2026-09-11 08:00:00,BATCH-B,Line-2,Denim,205.0,34.94,0,Crease,1,0.0
INS-1993,2026-09-11 08:15:00,BATCH-D,Line-3,Cotton,216.5,44.94,2,Stain,1,80.0
INS-1994,2026-09-11 08:30:00,BATCH-D,Line-1,Denim,170.3,46.44,2,Stain,1,80.0
INS-1995,2026-09-11 08:45:00,BATCH-A,Line-2,Denim,182.0,48.92,3,Stain,1,75.0
INS-1996,2026-09-11 09:00:00,BATCH-A,Line-2,Denim,200.5,39.95,1,Hole,1,40.0
INS-1997,2026-09-11 09:15:00,BATCH-D,Line-2,Denim,167.3,39.69,2,Stain,1,25.0
INS-1998,2026-09-11 09:30:00,BATCH-D,Line-1,Linen,171.3,47.92,3,Broken Yarn,1,37.5
INS-1999,2026-09-11 09:45:00,BATCH-C,Line-1,Denim,171.2,35.48,0,None,0,0.0
